,hindi,predicted,test
0,अरमानों,aramaanon,armaano
1,सरकार,sarakaar,sarkar
2,आपका,aapaka,apaka
3,बहकना,bahakana,bahekna
4,दोहरा,doharaa,dohara
5,साहब,saahab,sahab
6,मदमस्त,madamast,madamast
7,छाले,chhale,chhaale
8,किये,kiye,kiye
9,सुनेहरी,sunehri,sunehari
10,उजली,ujli,ujalee
11,ज़ंगें,zangen,zangein
12,मुसकाई,muskaayi,musakaaii
13,अदाएं,adaayen,adaayen
14,रुद्रा,rudraa,rudra
15,गुज़रो,guzaro,guzaro
16,ताना,taana,taanaa
17,नचाया,nachaayaa,nachaya
18,वोटी,voti,voti
19,टुकड़ों,tukadon,tukdon
20,मुननू,munnu,munnu
21,जगाय,jagaaya,jagaay
22,पाई,pai,paayi
23,झोंका,jhonka,jhoka
24,बसती,basati,baste
25,चुप,chupa,chup
26,हरबातूं,harabaaton,harabaatuun
27,बनूंगा,banuunga,banuungaa
28,दा,da,daa
29,कहाऊँ,kahaauun,khaun
30,आमिर,aamir,aamir
31,बू,bu,buu
32,कहने,kahane,kehene
33,कोहरा,kohara,kohara
34,बिकती,bikati,bikti
35,छोड़ूँगी,chhoduungi,chhodungi
36,पहनाऊँगा,pahanaauunga,pahanaaunga
37,दाबा,daaba,daabaa
38,जाउँगी,jaayungi,jaungi
39,खाएगा,khaaegaa,khaayega
40,खाएंगे,khaaenge,khaaenge
41,ढूँढती,dhundti,dhoodti
42,गुमाँ,gumaan,gumaan
43,दोरंगी,dorangi,dorangi
44,क्या,kiya,kaa
45,तांडव,tandav,taandav
46,भेजे,bheje,bheje
47,निगहबाँ,nigahabaan,nigahabaan
48,बाद्शाहों,baadshaaho,baadshaahon
49,झगड़ने,jhagadne,jhagadne
50,चोंच,chon,chonch
51,बहे,bahe,baahe
52,फिरे,phire,fire
53,मजबूर,majabur,majabur
54,नशीनों,nashinon,nashinon
55,बताओ,bataao,batavo
56,मँगाई,mangaai,mangaai
57,नवाजिश,navaajish,navaajish
58,बिगड़ी,bigadi,bigadii
59,हवाओ,hawaao,hawaaon
60,दाल,dala,daal
61,आइना,aaina,aina
62,कड़वी,kadavi,kadavi
63,फ़ासले,faasale,faasale
64,धोंडीबा,dhondibaa,dhondiba
65,चौरंगी,chaurangi,chaurangi
66,नमामि,namaami,namaami
67,अहल,ahal,ahel
68,दीवाना,deewaana,diwaanaa
69,लानत,laanat,laanat
70,रामपुर,raamapur,raamapur
71,बम्बा,bamba,bambaa
72,डले,dale,dale
73,इरादा,iraada,yraadaa
74,ज़लज़ला,zalazaala,zalzala
75,कहाँ,kahaan,khabar
76,इंतकाम,intakaam,intkam
77,बिताये,bitaaye,bitayen
78,बलमा,balama,baalamaa
79,सजदे,sajde,sajjde
80,कपड़ा,kapadaa,kapada
81,पैमाना,paimaana,paimaana
82,चुवा,chuva,chuwa
83,अंगूठी,anguthi,anguthi
84,देना,dena,dienaa
85,उलझनों,ulajhanon,uljhano
86,सूझे,sujhe,sujhe
87,पत्थर,pathar,patthar
88,बिताऊँ,bitaaun,bitanoo
89,मुद्रा,mudra,mudra
90,बोलते,bolate,bolate
91,पहचानेगी,pahachaanegi,pahachaanegi
92,मचलूँ,machalun,machaloon
93,अंजान,anjaan,anjan
94,तन्हाईयाँ,tanhaaiyaan,tanhaiyaan
95,खुदाई,khudaai,khudaaii
96,आयेगा,aayegaa,aayega
97,मुखातिब,mukhaabti,mukhaatib
98,जाएँगे,jayenge,jaayeinge
99,निगाहें,nigaahen,nigaahe
100,सरब,sarab,sarab
101,द,d,d
102,तड़पा,tadapa,tadapaa
103,पिलाए,pilaaye,pilaaye
104,हैदराबादी,haidarabaadi,haidaraabaadi
105,बेरी,beri,beri
106,बदे,bade,bade
107,मुकाबला,mukaabala,mukaabalaa
108,सरसराएं,sarasaraayen,sarsaraayein
109,पराये,paraye,paraaye
110,सिमला,simala,simala
111,झुत,jhut,jhut
112,हँसके,haske,hansake
113,दूरी,duri,duuri
114,लाबोको,labok,laboko
115,आजमाना,aajamaana,azamana
116,सादगी,saadgi,saadagii
117,तनहा,tanaha,tanahaa
118,नहीन,nahin,naheen
119,गुन,gun,gun
120,दुआएँ,duaaye,duayen
121,खोलते,kholate,kholate
122,पटाखा,pataakhaa,pataakha
123,लुत्फ़,lutf,lutf
124,लाती,laati,lati
125,अरमानोन,aramaanon,aramaanon
126,निरदर्दी,niradadri,niradardi
127,अम्बुआ,ambua,ambuaa
128,जुबां,jubaan,zubaan
129,बदलनेवाले,badalanevaale,badalanewaale
130,मुस्कुरा,muskuraa,muskurake
131,जताना,jataana,jatana
132,खाएँगे,khaaenge,khaayenge
133,बसैया,basiya,basaiya
134,उतर,utr,utar
135,करुँगा,karunga,karungaa
136,मिलाना,milaana,milana
137,बिगड़ी,bigadi,bigde
138,किट्ता,kitta,kitta
139,नामंज़ूर,naamanuzr,naamanzuur
140,हवायें,hawaayen,hawaayein
141,दुश्मन,dushman,dushaman
142,डालियाँ,daaliyaan,daaliyan
143,करिमत,karimat,karimat
144,किशोरम,kishomr,kishoram
145,गली,gali,gali
146,क़तरे,qatare,qatare
147,भगवान,bhagavaan,bhagavaan
148,लाये,laay,laai
149,पी,pi,pii
150,अनुरागी,anuraagi,anuraagee
151,झपना,jhapana,jhapana
152,उतरेंगे,utarenge,utarenge
153,चोला,chola,cholaa
154,ज़रा,zaraa,zara
155,देगी,degi,degii
156,मन्ज़िलें,manzilen,manzile
157,लापता,laapata,lapata
158,महका,mahaka,mahkaa
159,सूही,suhi,suhi
160,तारों,taron,taaro
161,पिघलती,pighalati,pighalti
162,देखने,dekhne,dekhane
163,काँची,kaachin,kaanchi
164,तारा,tara,taara
165,हाय,haay,haye
166,मेहमान,mehumaan,mehamaan
167,रहने,rahane,rahane
168,सताओ,sataao,sataon
169,ते,te,te
170,किताबें,kitaben,kitaaben
171,वी,vai,ve
172,पाएगा,payega,paaegaa
173,आला,aalaa,ala
174,दुखियारे,dukhiyaare,dukhiyaare
175,वखियाँ,vakhiyaan,vakiyaan
176,झेंप,jhen,jhenp
177,कारा,kaara,kaara
178,भुलाऊं,bhulaaun,bhulaauun
179,जालाके,jaalake,jalaake
180,पुतले,putale,putle
181,जवानियाँ,jawaaniyaa,javaaniyaan
182,सर्दी,sardi,sardi
183,बेकरारी,bekaraari,bekaaraari
184,वहीं,vahin,wahin
185,रोकें,roken,rokein
186,गुलसिताँ,gulsita,gulasitaan
187,टाक,taak,taak
188,झन,jhan,jan
189,वीना,vina,vina
190,बालों,baalon,baalo
191,पूरा,pooraa,pura
192,खोकर,khokar,khokar
193,खुशियां,khushiyaan,khushiyaan
194,छुपाऊंगी,chhupaungi,chhupaaungi
195,चूनरिया,chunariya,chunariyaan
196,गर्दिशें,gardishen,gardishein
197,गहना,gehanaa,gahana
198,सुधारन,sudhaaran,sudhaaran
199,हवायें,hawaayen,hawayein
200,मेहरबानियां,meharabaaniyaan,meharabaaniyaan
201,रचाये,rachaaye,rachaaye
202,खुजली,khujali,khujali
203,उसे,use,usike
204,सानेहा,saaneha,saanehaa
205,पछताये,pachhataaye,pechtaye
206,हरी,hari,haree
207,पुकारूँ,pukaaruun,pukaroon
208,अलबेली,alabeli,alabeli
209,ठाकुर,thaakur,thaakur
210,गाली,gaali,gaali
211,गुज़ारना,guzaarana,guzaarana
212,बखाने,bakhaane,bakhaane
213,में,men,menu
214,समुद्र,samudra,samudr
215,नागन,naagan,nagan
216,चुराये,churaaye,churaaye
217,मुदका,mudaka,mudka
218,सलीम,salim,saleem
219,सिखाए,sikhaaye,sikhaye
220,बसाने,basaane,basane
221,हज़ारों,hazaaron,hazaro
222,सकून,sakuun,sakuun
223,बिराजे,biraaje,biraaje
224,उजड़के,ujadake,ujadke
225,तरसती,tarasti,tarasati
226,सिमटना,simataana,simatanaa
227,पपीहा,papihaa,papiha
228,ज,j,jo
229,छोड़,chod,chhoda
230,सपनी,sapani,sapani
231,धितंग,dhitagan,dhitang
232,अमन,aman,aman
233,बनियान,baniyaan,baniyaan
234,कसाई,kasaai,kasaai
235,दावत,daavat,davat
236,बाहों,baahon,bahon
237,चाक़,chaa,chaaq
238,बन्दगी,bandagi,bandagii
239,मुसका,muskaa,musaka
240,जाना,jaana,jalaa
241,सजाऊँ,sajaaun,sajaaun
242,ज़ोहरा,zoharaa,zohra
243,फरार,faraar,faraar
244,खालि,khaali,khali
245,नाशी,naashi,nashi
246,निर्बल,nirbal,nirbal
247,मिलानेवाले,milaanewaale,milaanewaale
248,मुसव्विर,musvavir,musavvir
249,पहली,pahali,pahli
250,मदमस्त,madamast,madmasta
251,उतरेगी,utaregi,utregi
252,रवाँ,ravaan,ravaan
253,तड़पके,tadapake,tadapake
254,सहलाओ,sahalaao,sahalaao
255,रंगवायेंगे,rangavaayenge,rangavaayenge
256,मधुमिता,madhumita,madhumita
257,हमराही,hamrahi,hamaraahi
258,बातिलपना,baatilapan,baatilapana
259,मरासिम,marasim,maraasim
260,तबला,tabala,tabla
261,लुटाना,lutaana,lutaana
262,डूबते,doobate,dubate
263,पाटी,paati,paati
264,बढ़ते,badhate,badhte
265,सुकूँ,sukuun,sukun
266,आजाए,aajaae,aajaae
267,तड़पाएगी,tadapaayegi,tadpaayegi
268,आती,aati,ahti
269,चकोरी,chakori,chakorii
270,ज़िद,zid,zidd
271,चहरे,chahare,chehare
272,ख़ाबों,kabon,khaabon
273,मासूम,maasum,masoom
274,लग्न,lagan,lagn
275,मदीना,madina,madeenaa
276,आँक,aak,aankh
277,समाए,samaaye,samaye
278,मजबूरियाँ,majbooriyaan,majabooriyaan
279,फ़न,fan,fan
280,चिमना,chimana,chimna
281,इत्ता,ittaa,itta
282,लड़ाई,ladaai,ladaai
283,गिरना,girana,girana
284,सेजें,sejen,sejen
285,सियासतों,siyaaston,siyaasato
286,बा,ba,baa
287,लूँगी,luungi,luungii
288,बनकर,banakar,bankar
289,चाहे,chaahe,chahe
290,अल्ला,alla,allaah
291,नुमाइश,numaaish,numaaish
292,पपीता,papita,papeeta
293,राविता,raavita,raawita
294,बलमा,balama,balmaan
295,बेशुमार,beshumaar,beshumaar
296,जाणा,jaan,jaana
297,नीना,nina,neena
298,बच्चू,bachchu,bachchu
299,उपकार,upakaar,upkaar
300,दूँगा,dunga,dungaa
301,पीस,pis,pis
302,बेइमां,beimaan,beimaan
303,तलमलाती,talamalaai,talamalaati
304,स्वर्ग,svarg,swarg
305,निगाहोँ,nigaahon,nigaahon
306,दिल्लगी,dillagi,dillagii
307,खोटी,khoti,khoti
308,भरने,bharne,barne
309,गँवाके,ganvaake,ganvaake
310,होल्ड,hold,hold
311,बाँहें,baanhen,baahen
312,रसिया,rasiya,rasiya
313,दनादन,danadaan,danaadan
314,आऊँगी,aaoongi,aaungi
315,पलच्छीं,pachalchain,palchhin
316,पुए,pue,pue
317,बरसेगा,barasega,barasegaa
318,खेलिए,kheliye,kheliye
319,बसन,basan,basan
320,फुहार,phuhaar,fuhaar
321,लुटाएं,lutaayen,lutaayein
322,भिक्षा,bhikshaa,bhiksha
323,उसूल,usul,usuul
324,घरोंदों,gharondo,gharondon
325,ठुमका,thumakaa,thumka
326,आबो,abao,aabo
327,सपनों,sapanon,sapanon
328,कुंडी,kundi,kundi
329,भिगोया,bhigoyaa,bhigoya
330,खनकेंगे,khanakenge,khanakenge
331,पी,pi,pe
332,बयां,bayaan,bayaan
333,इज़हार,izahaar,izhaar
334,बचाना,bachaana,bachana
335,वट्टू,vatut,vattu
336,गिरोगे,giroge,giroge
337,सरोवर,sarovar,sarovar
338,उजियारे,ujiyaare,ujiyaare
339,परबत,parabat,parabat
340,तकना,takana,takna
341,आशिक़ाना,aashiqaana,aashiqana
342,बिछायी,bichaayi,bichhaayii
343,डोरी,dori,dorii
344,बचना,bachana,bachana
345,आरा,aaraa,aara
346,पछताएगी,pachataayegi,pachtayegi
347,मोहलत,mohalat,mohlat
348,दीप,deep,diip
349,पूछोगे,puchooge,poochhoge
350,पूछे,puchhe,pooche
351,जातीं,jaatin,jaati
352,लगन,lagan,lagan
353,जुबाँ,jubaan,jubaann
354,झूमने,jhuumane,jhumne
355,चूमूँ,chooomon,choomun
356,प्यारि,pyaari,pyaari
357,जये,jaaye,jaye
358,उठायें,uthaye,uthaayen
359,अहद,ahad,ahad
360,बेहतरी,behetri,behatari
361,जगमगाये,jagamagaaye,jagmagaaye
362,मुझमे,mujhame,mujhamen
363,उतारूँ,utaaruun,utaaruun
364,निहानियां,nihaaniyaan,nihaaniyaan
365,बिछते,bichhate,bichhate
366,उतरती,utarati,utarate
367,दिशा,disha,dishaa
368,इसे,ise,isse
369,रोया,roya,royaa
370,मुस्कुराना,muskuraana,muskuraanaa
371,बुद्धू,buddhu,bhudhu
372,करेंगी,karengi,karengi
373,उतरते,utarate,utarte
374,जहान,jahaan,jahaan
375,विध,vidh,vidh
376,पुकारती,pukaarati,pukaaratii
377,चारागराँ,chaaraanagaar,chaaraagaraan
378,जाऊँ,jaauun,jaayun
379,सच्चों,sachchon,sachchon
380,पास,paas,paasa
381,पिंजरा,pinjaraa,pinjra
382,ख़ाली,kaali,khali
383,पावे,paave,paavey
384,अपनाएंगे,apanaaenge,apanaayenge
385,मिटेगी,mitegi,mitegi
386,बिगड,bidag,bigad
387,रसतों,rasaton,rasaton
388,गुज़ारूं,guzaaroon,guzaarun
389,मंहगी,manhagi,manhagi
390,पहुँचा,pahuncha,pahunchaa
391,आपका,aapaka,aapkaa
392,खराब,kharab,kharaab
393,एह्सास,hessa,ehsaas
394,सबको,sabako,sabhko
395,जाय,jaa,jaaye
396,रुत,rut,rutt
397,आँचरा,aanchara,aancharaa
398,जनेमन,janeman,janeman
399,दिखलाती,dikhalaati,dikhalaatee
400,गलियां,galiyaan,galiyaam
401,इनमें,inmae,inamein
402,घुटे,ghute,ghute
403,हमप्याला,hampayala,hamapyaala
404,कागा,kaagaa,kaga
405,मारा,mara,mara
406,टुन्ना,tunna,tunna
407,इन्दर,indar,indar
408,मर्ज़,marz,marz
409,मनालूँ,manaaluun,manaaluun
410,ख़ाबों,kabon,kaabon
411,बतियाँ,batiyaa,batiyaan
412,अफ़सानों,afasaanon,afasaanon
413,बूम,boom,buum
414,परछाईं,parchaayi,parchayee
415,डूब,dubu,dhub
416,अदला,adala,adla
417,नैंना,nainana,nainaa
418,बनवाके,banavaake,banavaake
419,आस्ताने,aastaane,aastaane
420,सू,su,soo
421,आवें,aaven,aavein
422,निहा,niha,niha
423,फिदा,fidaa,fida
424,वफ़ादारी,vafaadaari,wafadaari
425,भिखारी,bhikhaari,bhikhaarii
426,लड़ाऊँगा,ladaaoonga,ladaauunga
427,भुलेगा,bhulega,bhulega
428,तपने,tapane,tapane
429,प्यासी,pyaasi,pyaasii
430,सोये,soye,soye
431,सुहावन,suhavaan,suhaavan
432,रास्तों,raaston,raasto
433,मुझमे,mujhame,mujhme
434,साँच,saanch,saanch
435,चमचम,chamacham,chamacham
436,छपवा,chhapava,chhapava
437,छायेगी,chhaayegi,chhayegee
438,कुझ,kujh,kujh
439,खूबसूरत,khubasurat,khuubasurat
440,नौजवान,naujawaan,naujavaan
441,कमजोरियों,kamajoriyon,kamajoriyon
442,कुर्र,kura,kurr
443,हौले,haule,haulle
444,गुड़ियों,gudiyon,gudiyon
445,ज़ह्रीले,zahreele,zahrile
446,नाकामी,naakamai,naakaami
447,रिझाएंगे,rijhaaenge,rijhaayenge
448,मम,mam,mam
449,नकली,nakli,nakali
450,नज़रीया,najariya,nazariyaa
451,मूँद,moond,muund
452,नाते,naate,nahtey
453,पम,pam,pum
454,महकी,mahaki,mehaki
455,रसमें,rasameen,rasme
456,बगानों,bagaanon,bagaanon
457,सलोना,salonaa,salona
458,वीराँ,viraan,viiraan
459,परिन्दों,parindon,parindon
460,तितली,titali,titalee
461,पीयू,piyu,piyu
462,गिला,gila,gilaa
463,यक,yak,yak
464,लिपट,lipat,lipat
465,बनि,bani,bani
466,द्ल,da,dil
467,नज़ारा,nazaara,najaaraa
468,फूलेंगी,phuulengi,foolengee
469,अंगारा,angaaraa,angaaraa
470,पिघलता,pighalata,pighalta
471,चाह,chaha,chaah
472,अलस्त,alsat,alast
473,कीजिए,kiiji,kijiye
474,पायें,paayen,paaye
475,इस्मत,ismat,ismat
476,किसलिए,kisalii,kisaliye
477,गिरो,giro,giro
478,ढाया,dhaaya,dhaya
479,तूफ़ानी,tufaani,tufaanee
480,ख़ूबसूरत,khubasurat,koobasuurat
481,बाट,baa,baat
482,मन्दर,mandar,mandar
483,गी,gi,gi
484,कुमार,kumaar,kumaar
485,मसर्रत,masarrat,masarrt
486,झुक,juk,jhuk
487,रूसी,rusi,roosi
488,रचाई,rachaayi,rachaai
489,जाएगा,jaayega,jaaegaa
490,सालीजी,saaliji,saaleeji
491,अच्छाई,achchai,achchhaayi
492,नोट,not,not
493,टपका,tapaka,tapaka
494,लगीं,lageen,lagiin
495,जुनोओन,junoon,junoon
496,अमीरी,ameeri,amiri
497,आजमाना,aajamaana,aazmaana
498,समझाते,samjhaate,samajhaate
499,एकहू,ekhau,ekahu
500,जगानेवाला,jagaanevaala,jagaanevaala
501,वादा,wadaa,wada
502,गिरेबाँ,girebaan,girebaan
503,डूबेगा,dubega,doobegaa
504,खोजा,khoja,khoja
505,सँसार,sansar,sansaar
506,वीर,vir,vir
507,सम्भलता,sambhalta,sambhaltaa
508,इसलिए,isalii,isaliye
509,फ़र्माया,farmaaya,farmaayaa
510,मिटके,mitake,mitke
511,पूछा,puchaa,puuchhaa
512,रक्त,rakt,rakt
513,रेखाओं,rekhaaon,rekhaon
514,गुरबत,gurabat,gurbat
515,मान्गने,maanagne,maangane
516,जाने,jaan,jaano
517,मुस्कुराने,muskuraane,muskuraaye
518,रसिया,rasiya,rasiyaa
519,बूंदें,buunde,boonden
520,निकला,nikala,nikalaa
521,बुने,bune,boone
522,ग़ुज़ारूँ,guzaaruun,guzaaruun
523,अनाथ,anaat,anaath
524,बेक़रार,beqarar,bekarar
525,बेवजह,bejavah,bevajah
526,बदलते,badalate,badalate
527,जानलेवा,jaanaleva,jaanaleva
528,सब्नू,sabun,sabnu
529,बोनी,boni,boni
530,तन्हाइयां,tanhaaiyaan,tanhaiyaan
531,सताए,sataaye,sataaye
532,जा,ja,jaae
533,बहलाए,bahalaaye,bahelaaye
534,झंकार,jhankaar,jankar
535,चुराए,churaaye,churaae
536,नहाया,nahaaya,nahaayaa
537,मिलाएंगे,milaayenge,milaayenge
538,धुलाता,dhulaata,dhulaataa
539,चम्पा,champa,champaa
540,सीली,sili,sili
541,पूछती,puuchhati,puuchhatii
542,नींदों,neendon,nindon
543,बैठिये,baithiye,baithiye
544,दिलवर,dilavar,dilavar
545,सुखी,sukhi,sukhi
546,जमायें,jamaaye,jamaayen
547,कलेजा,kaleja,kalejaa
548,रु,ru,ru
549,मंडल,mandal,mandal
550,निराले,niraale,nirale
551,सगाई,sagaai,sagai
552,करवटें,karavaten,karavaten
553,खुदगर्ज़ी,khudagari,khudagarzi
554,नीम्बू,nimbu,nimbu
555,अँसुवन,ansuvaa,ansuvan
556,फॉर,por,for
557,टकराया,takaraaya,takaraaya
558,सलीके,salike,salike
559,अँगूर,anguur,angoor
560,पकड़ो,pakado,pakado
561,खेवनहार,khevanahaara,khevanahaar
562,बनवाता,banavaata,banawata
563,साजन,saajan,sajna
564,उठाना,uthaana,uthaanaa
565,बाँचे,baanche,baanche
566,मोड़,mod,modh
567,सवारी,savaari,sawaari
568,फ़रेबी,fareib,farebi
569,पूछ,pucha,puch
570,बरबस,barabas,barabas
571,हमनवां,hamanavaan,hamanavaan
572,हुस्न,husn,husne
573,झनकार,jhanakaar,jhankaar
574,मुस्कुराएंगे,muskuraaegen,muskuraaenge
575,जाने,jaan,jaaye
576,जलती,jalti,jalati
577,जानपुर,jaanpaur,jaanpur
578,परछाइयां,parchaiyaan,parachhaaiyaan
579,बोल,bol,bhoole
580,चुम्बन,chumban,chumban
581,मधुवन,madhuvan,madhuvan
582,तोतली,totali,totali
583,बताए,bataaye,bataye
584,दलदल,daladal,daldal
585,सासरा,saaraasa,sasra
586,सकेगी,sakegi,sakegee
587,नाटक,naatak,naatak
588,पाएँगी,payengi,paayengi
589,विधना,vidhaana,vidhanaa
590,आशियाना,aashiyaan,ashiana
591,परवाना,parawaana,paravaanaa
592,लूँ,luun,loo
593,आँधियों,aandhiyo,aandhiyon
594,जून,juun,jun
595,छुपाके,chhupaake,chhupaake
596,पूजारी,puujaari,puujaari
597,राहे,raahe,raahe
598,कराऊँ,karauun,karaayuun
599,मुर्झाये,murjhaaye,murjhaaye
600,लड़ियाँ,ladiyaan,ladiyan
601,हंसी,hansi,hansii
602,बजाऊँगा,bajaaunga,bajaaungaa
603,धुमकेतुम,dhumakumate,dhumaketum
604,उड़ता,udata,urdta
605,मिलें,milen,milen
606,चुकुमा,chukuma,chukuma
607,बा,ba,bhar
608,तेही,tehi,tehi
609,चालों,chalo,chaalon
610,दिलदारा,dildaaraa,diladaaraa
611,तड़पानेवालि,tadapaanevaali,tadpanewali
612,सुता,suta,suta
613,सकती,sakati,sakti
614,जलाये,jalaaye,jalaaye
615,झूमेंगे,jhuumenge,jhoomenge
616,सुलगते,sulagte,sulagate
617,खूबियाँ,khubiyuan,khubiyaan
618,कुहू,kuhuu,kuhu
619,रोक,rok,rook
620,मुक़ाम,muqaam,muqaam
621,नाले,naale,naale
622,कहूं,kahuun,kahun
623,सोचते,sochte,sochate
624,शरमाये,sharamaaye,sharmaye
625,शोक,shok,shok
626,जीत,jeet,jita
627,बचाना,bachaana,bachaanaa
628,माँद,maadn,maand
629,कहता,kahata,kheta
630,उनको,unako,unko
631,जाति,jaati,jaati
632,उम्मत,ummat,ummat
633,आँसू,aansu,ansu
634,दूसरा,dusaraa,doosra
635,वनवासी,vanavaasi,vanavaasi
636,कबहूँ,kabahaun,kabahoon
637,दिल,dil,dill
638,मिटेंगे,mitenge,miteinge
639,सोनी,soni,soni
640,छलकते,chhalakate,chalakte
641,झपकने,jhapakne,jhapakane
642,बन्धू,bandhu,bandhu
643,किरनें,kirane,kiranein
644,दुखने,dukhane,dukhane
645,किसी,kisi,kisse
646,मिलाके,milake,milke
647,बिछ,bich,bichh
648,तड़पाएंगे,tadapaayenge,tadpaayenge
649,गिरते,girate,girate
650,करें,karen,karey
651,खुलेंगी,khulengi,khulengi
652,बिस्मिल,bismil,bismil
653,वीरानें,viraane,viraane
654,जंतर,jantar,jantar
655,लहकी,lahaki,lehki
656,मे,me,mee
657,मेरी,meri,mere
658,मुश्क़िलों,mushkilo,mushqilon
659,इत्तेफ़ाक़,ittefaaa,ittefaq
660,बनूंगा,banuunga,banoonga
661,जायें,jaaye,jaye
662,झूलाऊँ,jhoolaaun,jhuulaauun
663,आऊँ,aaoon,aaun
664,नेहरा,nehara,nehara
665,तड़पके,tadapake,tadapke
666,बीस,bis,bis
667,हाला,haalaa,haalaa
668,नीली,neeli,nili
669,दूजी,dooji,doojee
670,छबीले,chabile,chhabile
671,क्योंके,kyonke,kyonke
672,बतलाये,batalaaye,batlaaye
673,होटल,hotal,hotel
674,हमें,hume,humein
675,चमकाना,chamakaana,chamakaana
676,बचाएँगे,bachaayenge,bachaayenge
677,महरबाँ,meharbaan,maharabaan
678,मचलना,machalana,machalnaa
679,पुजा,puja,puja
680,मजे,maje,maje
681,बीमार,bimara,beemaar
682,क़ज़ा,qaza,qaza
683,झिलमिलाएँ,jhilamilaayen,jhilmilaayein
684,तकालीना,takalina,takaalina
685,कलियों,kaliyon,kaliyon
686,बंजारों,banjaaron,banjaro
687,जोरा,joraa,jora
688,या,ya,yeah
689,स्टोल,stol,stole
690,देखती,dekhati,dekhti
691,ज़िंदगी,zindagi,zindgai
692,लहराते,lehraate,lehraate
693,कोलों,kolon,kolon
694,चराने,charaane,charaane
695,बतलाओ,batalaao,batlaao
696,बेचारे,bechare,bechaare
697,मुरलीवाले,muralivaale,muraleevaale
698,ऊँचे,unche,unche
699,राहू,raahu,raahuu
700,नाए,naaye,naye
701,तकिये,takiye,takiye
702,रोका,rokaa,roka
703,बद,bad,badd
704,अन्जाना,anjaana,anjaanaa
705,लहकेगी,lahakegi,lahakegee
706,सजदा,sajada,sijda
707,माना,maana,mazaa
708,बंजारे,banjaare,banjaare
709,दरवाजे,daravaaje,daravaaje
710,दिखाऊं,dikhaaun,dikhaaun
711,तरातरा,taraatara,taraataraa
712,जाए,jaaye,judaye
713,डुम,dum,dum
714,मंत्र,mantr,mantra
715,मराठों,marathon,maraathon
716,बेताबियां,betaabiya,betabiyan
717,कंगन,kangan,kangan
718,इन्द्र,indr,indr
719,मतवाली,matawaali,matwaali
720,समझता,samjhaata,samajhata
721,थाने,thaane,thane
722,खारे,khaare,khaare
723,वाला,waala,vaala
724,दिलकशी,dilakashi,dilkashi
725,ख़ाबों,kabon,khwabon
726,सैंयाँ,sainyaan,sainyaa
727,अलबेली,alabeli,albeli
728,लास्ट,lasat,last
729,बितायें,bitaye,bitayein
730,लम्हों,lamhon,lamahon
731,सत्यानास,satyaanaas,satyaanaas
732,लेना,lena,lenaa
733,चलोजी,chaloji,chaloji
734,किवड़िया,kivadiya,kiwadiyaa
735,तज़ली,tazali,tazali
736,छोड़कर,chhodakar,chodkar
737,दोस्ताना,dostaana,dostaanaa
738,कटरा,katara,katara
739,मजूरी,majuuri,majuri
740,क़िस्मात,qismaat,qismaat
741,गयी,gayi,gayii
742,चुराऊँगी,churauungi,churaaoongi
743,नानी,naani,naani
744,क़त्ल,qatl,qatl
745,लाऊँगा,laaoonga,launga
746,बनिए,baniye,banie
747,वेखां,vekhaan,vekhaan
748,उम्र,umr,umre
749,बसिया,basiya,basiyaa
750,जुस्तुजू,justuju,justuju
751,जहां,jahaan,jahaa
752,इंतज़ार,intezaar,intajaar
753,देवता,devata,dewataa
754,फिराँ,phiraan,phiraan
755,हिंडोल,hindol,hindol
756,सुनाऊँगा,sunaayuunga,sunaauungaa
757,निगाहो,nigaaho,nigaaho
758,चुनरिया,chunaariya,chunariyaa
759,ज़ख्मों,zakhmon,zakhmoon
760,बेडारी,bedaari,bedari
761,अच्छों,achchon,acchon
762,छुपाओ,chhupaao,chupao
763,गुज़ार,guzaar,guzaar
764,लवा,lava,lava
765,मुश्त,musht,musht
766,ला,la,la
767,खेवैया,khevaiyaa,khevaiya
768,बालन,baalan,baalan
769,आयेगी,aayegi,aayengi
770,अटकने,atakane,atakane
771,देरियां,deriyaan,deriyaan
772,मुस्काऊँ,muskaauun,muskaaun
773,इक्का,ikkaa,ikka
774,अकबर,akabar,akbar
775,रेशम,resham,resham
776,तूफ़ां,tufaan,tufaan
777,ताज,taj,taaj
778,बासी,baasi,basi
779,बिदेस,bides,bides
780,रक्षा,rakshaa,rakshaa
781,बोलों,bolon,bolon
782,मकुन,makun,makun
783,बारिशों,baarisho,baarishon
784,जिसके,jisake,jiski
785,मुस्कुराओ,muskuraao,muskurao
786,गुनगुनाएंगे,gungunayegi,gunagunaayenge
787,जलता,jalta,jalata
788,हमें,hume,hamen
789,टूटने,tuutane,tootane
790,पूजा,puuja,pujaa
791,रखा,rakha,rakha
792,ग़ुलाम,gulaam,ghulaam
793,समझायें,samjaayen,samjhaayen
794,तूफ़ानों,toofaanon,toofano
795,दिखता,dikhata,dikhata
796,रागनी,raagni,raagini
797,अरमानो,armaano,armaanon
798,नदिया,nadiyaa,nadiya
799,जा,ja,jab
800,कहता,kahata,kahataa
801,बहते,bahate,behtey
802,पहनाती,pahanaati,pahanaati
803,माधुरी,maadhuri,maadhuri
804,दबाना,dabaana,dabana
805,मुसकाई,muskaayi,muskaai
806,गुरूर,gurur,gurur
807,सुमन,suman,suman
808,लजाके,lajaake,lajaake
809,जागता,jaagata,jaagata
810,आशियाँ,aashiyaan,aashiaana
811,मु,mu,mu
812,कहूँगी,kahoongi,kahungi
813,बाँसुरी,baansuri,bansuri
814,भरा,bhar,buraa
815,मुस्कराएंगे,muskaraayenge,muskaraaenge
816,की,ki,kii
817,हारी,hari,haarii
818,हाथों,haathon,haaton
819,फले,fale,fale
820,डरेंगे,darenge,darenge
821,मजनू,majnu,majanuu
822,बेन्द्रे,bendre,bendre
823,हसरत,hasarat,hasrat
824,वर्ड,vard,word
825,जाइये,jaiye,jaaeeye
826,फ़ँस,fan,fans
827,प्रिटेंडिंग,pritendagi,pretending
828,पढ़ता,padhata,padhata
829,तरसि,tarasi,tarasi
830,चिलम,chilam,chilam
831,डरी,dari,dari
832,जायेँ,jaye,jaayen
833,हल्के,halke,halake
834,उड़ेंगे,udenge,udenge
835,कटारों,kataaron,kataaron
836,निगल,nigal,nigal
837,दरसन,darasan,darasan
838,बबली,babali,bubbly
839,उड़ाये,udaaye,udaaye
840,बिठाने,bithaane,bithaane
841,दुःखों,dukhon,duhkhon
842,लिपटना,lipatana,lipatna
843,नादानी,naadaani,naadaanee
844,रही,rahi,rahee
845,दुखेगा,dukhega,dukhega
846,उड़ाके,udaake,udaake
847,चिल्लाएँगी,chillaayengi,chillaayengi
848,कुलटा,kulata,kulata
849,कालिका,kalika,kaalika
850,महक,mahak,mehek
851,दुखी,dukhi,dukhi
852,च,cha,ch
853,सजनिया,sajaniyaa,sajaniya
854,जादु,jaadu,jaadu
855,विश्वास,vishwaas,vishwas
856,खोया,khoya,koya
857,टोरी,tori,tori
858,रजेश्वर,rajeshvar,rajeshvar
859,छोड़े,chode,chhode
860,दुआएँ,duaaye,duaayen
861,परदेसिया,paradesiya,pardesiyaa
862,फ़र्माना,farmaana,farmaanaa
863,हलचल,halchal,halachala
864,बन्दर,bandar,bandar
865,चांद,chaand,chand
866,खराबी,kharabi,kharabi
867,छुपाएंगे,chhupaayenge,chhupaaenge
868,तलवारें,talavaaren,talavaarein
869,भालों,bhaalon,bhaalon
870,तारीफ़ें,taarifen,tareefein
871,बम,bam,bum
872,बसाएंगे,basaayenge,basaayenge
873,बताऊँ,bataaun,bataaun
874,जेल,jel,jhel
875,चहूँ,chahuun,chahoon
876,बाती,baati,baatii
877,स्वामि,swaami,swaami
878,गर्माती,garmaati,garmaati
879,बरसो,baraso,barson
880,निसार,nisaar,nisar
881,जिनके,jinake,jhinke
882,टांका,taanka,taanka
883,मजरा,majaraa,majra
884,जहाँ,jahaan,jahaa
885,दबाकर,dabaakar,dabaakar
886,सच्चे,sachche,saccche
887,जोग,jog,jogi
888,गुज़ारा,guzara,guzaaraa
889,मरहलों,marahalon,marahalon
890,अर,ara,ar
891,रहेंगे,rahenge,raheinge
892,नाज़नी,naazani,naazani
893,लखियन,lakhiyan,lakhiyan
894,सरक,sarak,sarak
895,बईया,baiyaa,baiya
896,संवरती,sanvarti,sanvarati
897,सरसों,sarson,sarason
898,हरिया,hariya,hariya
899,वहीं,vahin,wahee
900,तस्वीरें,tasviren,taswirein
901,रंगीला,rangeela,rangilaa
902,जमना,jamana,jamanaa
903,गरारा,garaara,garaara
904,चौका,chauka,chauka
905,उड़ाएं,udaayen,udaayen
906,छुपती,chhupati,chhupti
907,सेंक,sen,senk
908,मिलतीं,miltin,milatee
909,फ़िज़ाएं,fizayeen,fizaayen
910,गुनगुनाने,gunaane,gungunaane
911,सनके,sanke,sanke
912,कड़के,kadake,kadke
913,महफ़िलें,mahifalen,mahafilen
914,मह्फ़िल,mahifl,mahfil
915,मत्ता,matta,maththa
916,तुजगौरी,tujaguri,tujgauri
917,निभाए,nibhaae,nibhaaye
918,मचलने,machalne,machalane
919,जीती,jiti,jiitii
920,तार,tar,thaar
921,उजरी,ujri,ujri
922,मगर्बत्ति,magarbatin,magarbatti
923,किरपा,kirapa,kirapa
924,खोजने,khojane,khojane
925,बढ़ी,badi,badhi
926,कहेंगे,kahenge,chaahenge
927,चक्र,chakar,chakr
928,आलि,aali,ali
929,हवाएं,hawaayen,havaein
930,होशियार,hoshiyaar,hoshiyaar
931,खाएंगे,khaaenge,khaayenge
932,रुकता,rukata,rukhtha
933,महा,maha,mahaa
934,मुंदरे,mundare,mundere
935,बहिना,bahina,bahina
936,अंदेसा,andesaa,andesha
937,जलालहू,jalaaluh,jalaalahu
938,दास्तानें,daastaanen,dastanen
939,घड़ी,gadi,gai
940,आवाज़,awaa,awaaz
941,घुमर,ghumar,ghumar
942,आरीज़ी,aareee,aarizi
943,गिर्द,gird,gird
944,सँवारे,sanvaare,sanwaare
945,मी,mi,my
946,बन्कर,bankar,bankar
947,ख़ुदाया,khudaayaa,kudaayaa
948,बिनती,binti,binati
949,दरवाज़ा,daravaaaar,daravaaza
950,नीला,neela,neelaa
951,रसूल,rasul,rasool
952,मांगिया,maangiya,mangiya
953,मुस्कुराई,muskuraaa,muskuraai
954,ताजदारों,taajadaaron,taajadaaron
955,झलक,jhalak,jalak
956,लल्ला,lalla,lallaa
957,जुग,jug,jug
958,साकी,saaki,saaki
959,गवारा,gavaara,gawara
960,तारीफ़,taarii,tarif
961,उन्में,unmein,unmein
962,नेहा,neha,nehaa
963,बाबूजी,babuji,baabuji
964,सहरा,sehraa,sahara
965,बे,be,be
966,धागे,dhage,dhaage
967,पहले,pahale,pehale
968,बीड़ा,bidaa,bida
969,कहता,kahata,kehta
970,लाया,laaya,laya
971,बसाए,basaaye,basaaye
972,डालेगा,daalega,daalega
973,दीवानी,deewaani,deevaanii
974,बेक़स,beqas,beqas
975,ढूँढेंगे,dhundhenge,dhoondhenge
976,दुलारा,dulaara,dulaara
977,खोलति,kholti,kholti
978,दीवान,diwaan,diivaan
979,दीजिए,dijiye,dijie
980,आँखों,aankhon,aakhoon
981,उतरा,utra,utaraa
982,कलेजो,kalejo,kalejo
983,गीतमें,gitema,gitamen
984,दिखाई,dikhaai,dikhaaii
985,सगाई,sagaai,sagayi
986,लगाएगा,lagaayega,lagaaegaa
987,सगाने,sagaane,sagaane
988,रहेगी,rahegi,rahegii
989,सुबोह,suboh,suboh
990,पीड़ा,pidaa,pidaa
991,जलाएँ,jalaayen,jalayen
992,रश्क,rashk,rashk
993,गुलसितां,gulsitaa,gulsitaan
994,चहे,chahe,chahe
995,मिलाने,milane,milaane
996,महंगा,mehanga,mahanga
997,पुकारेगा,pukaarega,pukaarega
998,न्यारा,nyaara,nyaaraa
999,हवाएँ,hawaayen,hawaein
1000,लादे,laade,laade
1001,परत,parat,parat
1002,समझने,samajhane,samjhane
1003,अटारी,ataari,ataari
1004,गड़बड़,gadbad,gadabad
1005,रंगना,rangana,rangna
1006,नारियल,nariyal,naariyal
1007,लगायी,lagaayi,lagaayi
1008,लगयी,lagayi,lagayi
1009,फ़िज़ाएं,fizayeen,fizaaen
1010,नेहा,neha,neha
1011,उड़ान,udaan,udan
1012,जिसमें,jismen,jisamen
1013,भाँप,bhaan,bhaamph
1014,हेगा,hegaa,hega
1015,मौज,muj,mauj
1016,कहलाता,kahalaata,kahalaata
1017,जगाता,jagaatag,jagaata
1018,आँहें,aanhen,aahen
1019,छिपाओगे,chhipaaoge,chhipaaoge
1020,जियूंगा,jiyuunga,jiyoonga
1021,जाएं,jaayen,jaaen
1022,रहगुज़ारों,rahaguzaaron,rehguzaaron
1023,नचायो,nachaayo,nachaayo
1024,सँवारूँ,sanvaaroon,sanwaaruun
1025,पूछे,puchhe,puche
1026,बरसातो,barasaato,barasaato
1027,लगाएगी,lagaayegi,lagaaegii
1028,उठाएँ,uthaaye,uthaayen
1029,बोलूँ,bolun,boloo
1030,छाहों,chhaaon,chhaahon
1031,इत्तेफ़ाक,ittefaa,ittefaq
1032,साँची,saanchi,saanchi
1033,जाये,jaaye,jaayen
1034,हीर,hir,heer
1035,तोड़ूंगी,toduungi,toduungi
1036,तक़ाज़ा,taqaazaa,taqaaza
1037,चीन,chin,cheen
1038,कहूंगी,kahuungi,kahoongi
1039,रेल,rel,rel
1040,चुराऊँ,churaaun,churaayuun
1041,क्रोरेपति,rkorpate,crorepati
1042,अपराधी,aparadhai,aparaadhi
1043,दवाओं,davaaon,dawaaon
1044,सी,si,se
1045,मुसकान,muskaan,musakaan
1046,पर्वाने,parvaane,parvaane
1047,आंसुओं,aansuo,aansuon
1048,सुदामा,sudaama,sudama
1049,आग़ोश,aagosh,agosh
1050,वसुन्धरा,vasundhara,vasundhara
1051,चित्चोर,chitchor,chitchor
1052,छलकाते,chhalakaate,chhalakaate
1053,जानता,jaanta,jaanta
1054,करेला,karela,karela
1055,आरज़ू,aarazu,arazu
1056,मरी,mari,mari
1057,लौटकर,lautkar,lautakar
1058,नूँ,nuun,noon
1059,बजाई,bajai,bajaai
1060,छितर,chhitar,chhitar
1061,निमंत्रण,ninmartan,nimantran
1062,कटीले,katile,katile
1063,लिखा,likhaa,likhaa
1064,सोचके,sochke,sochake
1065,पलको,palako,palako
1066,आऊँगा,aaoonga,aaungaa
1067,रोऊँ,roon,rouun
1068,अफ़साना,afsaana,afasana
1069,धिन्ताना,dhintaana,dhintaanaa
1070,करूंगी,karuungi,karungi
1071,हरता,harata,harataa
1072,जैसा,jaisa,jaisaa
1073,अभीलाशा,abhilaahaa,abhilaasha
1074,बुद,bud,bud
1075,ओस,os,os
1076,गुब्बारा,gubbaara,gubbaara
1077,दूजे,duje,dujhe
1078,लोट,lot,lot
1079,वाडिया,wadiya,waadiyan
1080,भरके,bharke,bharke
1081,तार्रुफ़,tararu,taarruf
1082,बन्सी,bansi,bansi
1083,पावनता,paavanata,paavanataa
1084,अतिति,athiti,atithi
1085,प्यार,pyaar,piyaao
1086,निभायेंगे,nibhaayenge,nibhaenge
1087,चाहूँ,chaahoon,chadhoon
1088,छलकाया,chhalakaayaa,chhalkaaya
1089,तोड़ा,todaa,thoda
1090,ज़मीं,zamin,zamee
1091,भड़काती,bhadakaati,bhadakati
1092,चूहे,chuuhe,choohe
1093,तारें,taaren,taare
1094,जलदी,jaladi,jaladi
1095,बाज़ार,baazara,baazar
1096,काटते,kaatate,kaatate
1097,कहलाओगे,kahalaaoge,kahalaaoge
1098,गिल्ली,gilli,gilli
1099,जोड़ूँ,jodoon,joduun
1100,इतराये,itraye,itraaye
1101,नागों,naagon,naagon
1102,कश्कोल,kashkol,kashkol
1103,हँसाये,hansaaye,hasaaye
1104,मोतिया,motiyaa,motiyaa
1105,भगतों,bhagaton,bhagaton
1106,बड़ी,badi,badii
1107,मुस्काऊँ,muskaauun,muskaaub
1108,तुम्हारी,tumhaari,tumhaaree
1109,अंगना,angana,aangna
1110,इतराएं,itaraaen,itaraayein
1111,मेवाड़,mevaad,mevaad
1112,गरमी,garami,garami
1113,सतों,saton,saton
1114,बेखुदी,bekhudi,bekhudee
1115,दगरीया,dagariya,dagariya
1116,लाजो,laajo,laajo
1117,मदहोशीयाँ,madhoshiyaon,madhoshiyan
1118,कर्मों,karmon,karmo
1119,चूड़ियों,choodiyon,choodiyoon
1120,आज़मा,aazma,aazama
1121,कोई,koi,koyi
1122,दहेज़,dahee,dahez
1123,साजिशें,saajishen,saajishein
1124,क़ाश,qash,qaash
1125,घबराया,ghabaraaya,ghabaraayaa
1126,आवारा,aawaara,awara
1127,रुलाएंगे,rulaayenge,rulaaenge
1128,समाय,samaay,samaaya
1129,बसाया,basaaya,basaya
1130,यादों,yaadon,yado
1131,दफ़ा,dafa,dafaa
1132,पिपरा,pipara,pipara
1133,बहरूप,beharoon,baharoop
1134,मैयाँ,maiyaan,maiyaan
1135,हैया,haiyaa,haiya
1136,गोलियाँ,goliyaan,goliyaan
1137,दायरा,dayara,daayara
1138,रीत,reet,riit
1139,इलाहाबादी,ilahaabaadi,ilahabaadi
1140,खिले,khile,khiley
1141,रोकेगी,rokegi,rokegi
1142,मदहोशियोमे,madhasohiyon,madhoshiyome
1143,विरह,viraha,virah
1144,लागो,laago,laago
1145,पारो,paaro,paro
1146,मजबूरियों,majabuuriyan,majabooriyon
1147,ईद,id,id
1148,टोको,toko,toko
1149,बदले,badale,badley
1150,माथे,maathe,maathe
1151,चुकाएगा,chukaayega,chukaayega
1152,फूलवाली,phulavaali,phuulavaali
1153,मुस्लिम,muslim,muslim
1154,सजन,sajan,sajan
1155,चादर,chadar,chaadar
1156,जी,ji,jai
1157,दिसी,disi,disi
1158,उदू,udu,udu
1159,भूखे,bhuukhe,bhukhe
1160,हमें,hume,hamein
1161,उठाता,uthaata,uthaata
1162,किरनों,kirano,kiranon
1163,जीले,jile,jiile
1164,बतला,batla,batala
1165,शरमाना,sharamaana,sharmana
1166,चाँ,chaan,chaan
1167,बेगम,begam,begum
1168,तड़क,tadak,tadak
1169,जान,jaan,jane
1170,पहनके,pahanaake,pehanke
1171,जागता,jaagata,jagta
1172,चहकेगी,chahakaegi,chahakegi
1173,भालू,bhaalu,bhaalu
1174,इत्तेफ़ाक़,ittefaaa,ittefaaq
1175,पालता,paalata,paalataa
1176,तड़पाता,tadapataa,tadapaata
1177,आरज़ू,aarazu,aarzo
1178,जाउँ,jaaun,jaaun
1179,बोलूँगा,boluunga,bolunga
1180,देवा,deva,devaa
1181,कबसे,kabase,kabse
1182,झूटे,jhute,jhuute
1183,सवार,savaar,savaar
1184,श्याम,shaam,shyaam
1185,अमोल,amol,amol
1186,ओं,on,oh
1187,मचाई,machai,machaayi
1188,आता,aataa,ahta
1189,किवाड़,kivaad,kivaad
1190,तड़पाने,tadapaane,tadpaane
1191,बापू,baapu,baapuu
1192,ज़ालिमाना,zaalimaana,zalimana
1193,शुकरिया,shukariya,shukriya
1194,कोये,koye,koye
1195,दोगे,doge,dohge
1196,मिटने,mitane,mitane
1197,वक़ालत,qavaalat,vaqaalat
1198,उतरा,utra,utara
1199,मजनूँ,majanun,majanoon
1200,अंगारे,angaare,angaare
1201,गुलज़ार,gulazaar,gulzaar
1202,भीगेगी,bhigegi,bheegegee
1203,मोटी,moti,motii
1204,मिलाओगे,milaaoge,milaoge
1205,नवाब,navaab,nawab
1206,विप,vipa,vipa
1207,ऐलान,laan,elaan
1208,दुखो,dukho,dukho
1209,ससुराल,sasural,sasuraal
1210,बत्ती,batti,batti
1211,गाऊँ,gaaun,gaaoun
1212,पियोगे,piyoge,piyoge
1213,बायें,baayen,baayen
1214,बालियाँ,baaliyaan,baaliyan
1215,गरजे,garaje,garajke
1216,नशीला,nashila,nashila
1217,हंजुआँ,hanjua,hanjuaan
1218,बलत,balat,balat
1219,बाज़ुओं,baazuon,baajuo
1220,कानों,kaanon,kaano
1221,चमकाकर,chamakaakar,chamakaakar
1222,हवास,hawaas,havaas
1223,मंदा,manda,mandaa
1224,झिलमिलाते,jhilamilaate,jhilmilaate
1225,जलसे,jalase,jalse
1226,पुरजा,puraja,purjaa
1227,हमदर्द,hamadard,hamdard
1228,नाचें,nachen,naache
1229,वजूद,vajood,wajood
1230,समझा,samjhaa,samajhaa
1231,लुगाई,lugaai,lugaayi
1232,काज़ी,kaazi,qaazi
1233,कोचवान,kochavaan,kochavaan
1234,पियारा,piyaara,piyaara
1235,मचाये,machaaye,machaaye
1236,पाएगा,payega,paayega
1237,बहार,bahaar,bahar
1238,रुद्र,rudr,rudra
1239,तड़पाओ,tadapaao,tadpaao
1240,पर्वान,parvaan,parvaan
1241,शीरीं,shirin,shirin
1242,परवान,paravaan,paravaan
1243,गहरे,gahare,gahare
1244,चलाए,chalaaye,chalaaye
1245,लुटाओ,lutaao,lutaao
1246,ज़रूरत,zaroorat,zarurat
1247,पाती,paati,paatee
1248,दीवानी,deewaani,diwaanee
1249,रहनुमा,rahanuma,rahanuma
1250,बैंया,bainya,baiyaa
1251,तुमने,tunme,tumne
1252,करतार,karataar,kartaar
1253,उठाएगी,uthaaegi,uthaayegi
1254,मुसकाएगी,musakaayegi,muskaayegi
1255,दमिनिया,daminiyaa,daminiya
1256,गिलोरी,gilori,gilori
1257,लेता,leta,letaa
1258,अखी,akhi,akhi
1259,पड़ती,padati,parti
1260,निहारो,nihaaro,nihaaro
1261,रुमाल,rumal,rumaal
1262,शिकार,shikaar,shikaar
1263,आज़माना,aazamaana,aazamaanaa
1264,टोला,tolaa,tola
1265,कुंइया,kuniyaa,kunyiya
1266,अकड़ना,akadana,akadana
1267,लंबियाँ,lanbiyaan,lambiyaan
1268,चराग़ों,charaagon,charaago
1269,सवेरा,savera,savera
1270,लीना,leena,lina
1271,देहरी,dehari,dehari
1272,नमी,nami,nami
1273,कुम्हलाये,kumhalaaye,kumhalaaye
1274,घोड़ेजी,ghodeji,ghodeji
1275,छुड़ाना,chhudaana,chhudaana
1276,बरसावत,barsaavat,barasaavat
1277,बिता,bita,bitaa
1278,दिलवाले,dilavaale,dilvaale
1279,पीकर,pikar,piikar
1280,विछोड़ेयाँ,vichhodyean,vichodeyaan
1281,अपनापन,apanaapan,apanaapan
1282,चीने,chine,chiine
1283,तन्हाईयां,tanhaaiyaan,tanhaaiyaan
1284,दहाड़ा,dahaada,dahaada
1285,आखों,akhon,aakhon
1286,सीतान,sitaan,seetaan
1287,लुभाना,lubhaana,lubhaana
1288,झोपड़ी,jhopadi,jhopadi
1289,अमूल,amul,amul
1290,सूना,sunaa,suna
1291,जंगल,jangal,jungle
1292,वादियाँ,waadiyaan,wadiyan
1293,क़द,qad,qad
1294,वे,ve,ve
1295,चिकिरिरिका,chikirikari,chikiririka
1296,रहूंगा,rahuunga,rahunga
1297,सोहनी,sohani,sohani
1298,इख्तियार,iktiyaar,ikhtaiyaar
1299,वोटें,voten,voten
1300,दोगी,dogi,dogi
1301,रंज,ranj,ranj
1302,तोड़ना,todana,todna
1303,खुशनसीब,khushansii,khushnaseeb
1304,हमराज़,humraaa,humaraaj
1305,पी,pi,pee
1306,अंधियारों,andhiyaron,andhiyaaro
1307,गुलामी,gulaami,gulami
1308,वीना,vina,veena
1309,दूँगा,dunga,doongaa
1310,हम्से,hamse,hamse
1311,अटका,ataka,atka
1312,शहज़ादों,shahazaoond,shahzaadon
1313,तन्हाई,tanhaai,tanhai
1314,पगला,pagala,pagala
1315,गिराई,giraai,giraayi
1316,सवाली,savali,savaalii
1317,आऊंगा,aaunga,aauungaa
1318,रुक़सार,ruqasar,ruqasaar
1319,एलो,elo,elo
1320,कँगना,kangana,kangna
1321,खेलना,khelana,khelna
1322,बनवाएँगे,banavaayenge,banwayenge
1323,क्युन,kuyn,kyun
1324,अमेरिका,amerika,america
1325,देखे,dekhe,dekhe
1326,दूसरा,dusaraa,doosara
1327,चूसूंगा,chuusuunga,chusunga
1328,पकाएगा,pakaayega,pakaayega
1329,गईं,gayi,gaye
1330,आस,aas,as
1331,गुज़ारूँ,guzaaruun,guzaroon
1332,पापियों,paapiyon,paapiyon
1333,ख़्वाहिश,khwaahish,khwaahish
1334,बाहें,baahen,bahen
1335,हिना,hinaa,hina
1336,अन्जानें,anjaanen,anjaane
1337,रहजाऊँगा,rahajaunga,rehjaoonga
1338,टवर,tavar,tower
1339,परछाइंयाँ,parchainayaa,parachhaainyaan
1340,तबाही,tabaahi,tabahi
1341,डांडिया,daandiya,dandiya
1342,डरने,darane,darne
1343,खोते,khote,khote
1344,तिलिस्मात,tilimasat,tilismaat
1345,गुज़री,guzri,guzari
1346,जगे,jage,jagey
1347,बहो,baho,baho
1348,इतने,itne,itane
1349,जुदा,juda,jhuda
1350,करादो,karaado,karaado
1351,सिरफिरे,siraphire,siraphire
1352,घीरा,ghiraa,ghira
1353,मुसलमाँ,musalamaan,musalmaan
1354,या,ya,yaah
1355,पटरी,patari,pattri
1356,सुहागन,suhaagan,suhaagana
1357,उदती,udati,udati
1358,उम्मिदें,ummiden,ummidein
1359,लुटाऊंगी,lutaauungi,lutaayuungi
1360,उतना,utana,utana
1361,दावत,daavat,daavat
1362,बिचार,bichaar,bichaar
1363,छुरियाँ,chhuriyaan,churiyan
1364,मुरझा,murajha,murjhaa
1365,मसीहा,masihaa,masihaa
1366,तीसरी,teesri,teesari
1367,मंत्र,mantr,mantr
1368,रचाया,rachaaya,rachaayaa
1369,सुल्ताना,sultaana,sultaanaa
1370,पुतली,putali,putalii
1371,परेशान,pareshan,pareshaan
1372,बतलाने,batalaane,batalaane
1373,सांसें,saansen,saansen
1374,धारी,dhaari,dhaari
1375,जीता,jeeta,jita
1376,पहचाना,pahachaanaa,pehchaana
1377,पुरवय्या,puravyaya,puravayya
1378,दीवार,deevar,dewaar
1379,दुवाएं,duaayen,duvaayen
1380,अरब,araba,arab
1381,माहताब,maahtaab,mahtaab
1382,रोकर,rokar,rokar
1383,अखिया,akhiyaa,akhiyan
1384,विधवा,vidhaava,vidhwaa
1385,नहला,nahala,nahala
1386,हून,hoon,hun
1387,बाँधे,baandhe,bandhe
1388,वाली,vaali,waalee
1389,पता,pataa,ptaa
1390,पकड़कर,pakadakar,pakadkar
1391,दीदी,didi,deedi
1392,बगीचे,baigche,bageeche
1393,तरसाते,tarasaate,tarasaate
1394,दाला,daalaa,daalaa
1395,नग़मा,nagham,naghmaa
1396,समझें,samajhen,samajhein
1397,न्यारो,nyaaro,nyaaro
1398,छिड़कावे,chhidakaave,chhidkaave
1399,मामता,mamaata,maamata
1400,बढ़कर,badhakar,badhkar
1401,चाहा,chahaa,chaaha
1402,रोशनी,roshani,roshni
1403,दीवानों,deewaanon,deewano
1404,चक्कर,chakkar,chakkar
1405,सहर,sehar,seher
1406,तारो,taro,taaron
1407,जाएँगे,jayenge,jaaenge
1408,खेवनहारे,khevanahaara,khevanahaare
1409,पछताया,pachhataaya,pachhataaya
1410,सोचकर,sochakar,sochkar
1411,मनसूब,manasuub,manasoob
1412,कराएगा,karaayega,karaayega
1413,बिठाती,bithaati,bithaati
1414,गहरा,gaharaa,gehraa
1415,मुश्किल,mushkil,muskil
1416,इज़हार,izahaar,izhar
1417,निरला,nirala,nirala
1418,कहाया,kahaaya,kahaaya
1419,पलकें,palaken,palaken
1420,शामाझे,shaamajhae,shamajhe
1421,सताकर,sataakar,satakar
1422,रसीला,rasila,raseela
1423,चक्की,chakki,chakki
1424,सिवा,siva,siva
1425,बेटियाँ,betiyaan,betiyan
1426,बाँहें,baanhen,bahen
1427,विश्वास,vishwaas,vishvaas
1428,हमारे,hamaare,hamarey
1429,देतीं,deteen,detin
1430,शिक,shik,shik
1431,बहकता,bahakaat,behakta
1432,माँगने,maangane,maangane
1433,क्या,kiya,kiya
1434,उपोर,upor,upor
1435,कोप,kop,kop
1436,डरूँ,daruun,darun
1437,बनद,banda,band
1438,नो,no,no
1439,हम,hum,hami
1440,रुकी,ruki,ruukii
1441,अम्न,amn,amn
1442,पूजूँ,poojoon,pujoon
1443,हंसाया,hansaaya,hansaayaa
1444,दोस्तों,doston,doston
1445,गुनहगार,gunahagaar,gunhaagaar
1446,पहिये,pahiye,pahiye
1447,पिला,pilaa,pila
1448,वंदना,vandana,wandana
1449,बजाया,bajaaya,bajaya
1450,मुस्क्राए,muskraaye,muskaaye
1451,पहरा,paharaa,pahraa
1452,सिनेमा,sinema,sinemaa
1453,बुलातीं,bulaati,bulaatin
1454,पिय,piya,piya
1455,दरिया,dariyaa,dariyaan
1456,रहूँगी,rahuungi,rahoongee
1457,सकूंगी,sakuungi,sakoongi
1458,गुनाहों,gunaahon,gunaahon
1459,पेटी,peti,peti
1460,शरमाऊँगी,sharmaaungi,sharamaaungi
1461,बाँहें,baanhen,baahe
1462,इश्क़ा,ishqa,ishqa
1463,चुल्लु,chullu,chullu
1464,सुनाया,sunaaya,sunaayaa
1465,लू,lu,luu
1466,मिटी,miti,miti
1467,छुपते,chhupate,chhupte
1468,फूटे,phuute,phute
1469,परवर,paravar,parawar
1470,ससुरजी,sasurai,sasurajee
1471,छुड़ाया,chhudaayaa,chhudaaya
1472,छाकर,chhaakar,chhaakar
1473,सेहराव,seharaava,sehraav
1474,झूलें,jhulen,jhulein
1475,ग़मज़ा,gamaza,gamazaa
1476,अदब,adab,adab
1477,बुझा,bujha,booja
1478,डगमगायी,dagamagaayi,dagamagaayi
1479,एन्नाया,enyaana,ennaya
1480,चूल्हा,chuulhaa,chulhaa
1481,दासी,daasi,daasi
1482,मांझी,maanji,maanjhi
1483,जोड़ा,jodaa,jodha
1484,ताज़ा,taaza,taaza
1485,सिलसिले,silsile,silasile
1486,दुलारे,dulaare,dulhaare
1487,कायदा,kaayada,kaayadaa
1488,जिसमें,jismen,jisame
1489,जलाता,jalata,jalaata
1490,खुलें,khulen,khulein
1491,फ़रियाद,farayaad,fariyad
1492,दफ़नाऊँगी,dafanaauungi,dafanaaungee
1493,आरज़ुओं,aarazoon,aarzuon
1494,टकराओ,takaraao,takaraao
1495,सहना,sehana,sahana
1496,जवाब,javaab,javaab
1497,चुन,chun,chun
1498,घुटने,ghutane,ghutane
1499,सोगवार,sogavaar,sogvaar
1500,ज़र्क,zark,zark
1501,राम्बा,raamba,rambha
1502,वार,vaar,war
1503,दारोगा,daarogaa,daaroga
1504,नाज़ुकी,najuki,naazukii
1505,दार,daar,daar
1506,आखिर,aakhir,aakhir
1507,उसको,usko,usako
1508,आदा,adaa,aada
1509,नग़मात,nagamaat,nagamaat
1510,चश्मा,chashma,chashma
1511,रहना,rahana,rehana
1512,रहत,raat,rahat
1513,महकेगा,mahakegaa,mehkega
1514,मुमकिन,mumakin,moomkin
1515,हवा,hawaa,hava
1516,पायलिया,paayaliya,payaliyaa
1517,गर,gar,gar
1518,बहका,behaka,behaka
1519,बहारों,bahaaron,bahaaron
1520,दीवानों,deewaanon,diivaanon
1521,लायी,laayi,laaye
1522,मस्ताना,mastaana,mastaanaa
1523,सुनेगा,sunega,sunega
1524,दुखड़ों,dukhadon,dukhadon
1525,तकूँगी,takuungi,takungi
1526,काली,kaali,kaalii
1527,क़ुबूल,qubuul,qubul
1528,फ़ुर्सत,fursat,furasat
1529,ग़ुसा,gusaa,gusa
1530,उलझाओगे,ulajhaaoge,ulajhaaoge
1531,शरमाइये,sharamaayii,sharamaaiye
1532,बाराती,baaraati,barati
1533,जापान,japan,jaapaan
1534,हमदर्द,hamadard,hamadard
1535,ऊँचाई,unchaai,oonchaai
1536,गरबे,garbe,garbe
1537,सादा,sada,saadaa
1538,दिलजला,dilajala,dilajala
1539,ग़ज़लों,gazalon,gazalon
1540,खुशियों,khushiyo,khushiyoon
1541,रमैया,ramaiyaa,ramaiya
1542,ख़्वाब,kwaab,khwab
1543,बरसाऊँ,barasaaun,barasaaun
1544,भंवरों,bhanvaron,bhanwaron
1545,तरीक़,tariin,tareeq
1546,मुसलमान,musalamaan,musalmaan
1547,धोखेबाज़,dhokhebaas,dhokhebaaz
1548,नाचके,naachake,nachke
1549,पुरखों,purakhon,purakhon
1550,ताना,taana,tana
1551,लाडले,laadale,laadle
1552,हरता,harata,harta
1553,रोम्बा,rombaa,romba
1554,गिराती,giraati,giraati
1555,बेहाल,behaal,behaal
1556,खुशियाँ,khushiyaan,khushiya
1557,होंठो,honto,hontho
1558,चन्नां,chananan,channaan
1559,रिमझिम,rimjhim,rimajhim
1560,मुस्कुराये,muskuraaye,muskuraye
1561,खाये,khaaye,haaye
1562,सिंदूरी,sinduri,sindooree
1563,दुलारी,dulaari,dulaari
1564,झुकेगा,jhukega,jhukega
1565,सांसों,saanson,saason
1566,चाहेगी,chaahegi,chaahegi
1567,डरते,darate,darate
1568,जलो,jalo,jalo
1569,शिवाला,shivaala,shivaala
1570,आएगा,aaegaa,aaegaa
1571,वाली,vaali,vaalii
1572,फूलका,phulka,phulaka
1573,वालों,waalon,walo
1574,झाँझ,jhaanjh,jhaanjh
1575,बाज़ी,baazi,baazii
1576,रचाना,rachaana,rachaana
1577,मूँह,muunh,munh
1578,सुनते,sunate,sunte
1579,सम्भलना,sambhalana,sambhalana
1580,बुझायेगा,bujhaayega,bujhaayegaa
1581,कान्ह,kanh,kaanh
1582,घुमा,ghuma,ghuma
1583,गाता,gaata,gaataa
1584,मना,mana,mana
1585,ज़हरीला,zehralii,zahareela
1586,रह,raha,rah
1587,शिकस्ता,shikasta,shikastaa
1588,सुमा,suma,suma
1589,जलतरंग,jalatarang,jalatarang
1590,स्लीपीन,silepin,sleepin
1591,लहराता,lehraata,laharaata
1592,पकड़त,pakadat,pakadat
1593,बारीशों,baarishon,baarishon
1594,दुलहा,dulaha,dulha
1595,पहचानी,pahachaani,pahachaani
1596,बहिमाना,bahimaana,bahimaanaa
1597,ठीक,thi,thik
1598,कनीज़,kanie,kaniz
1599,बिसरा,bisara,bisara
1600,कदर,kadar,kadar
1601,दिलरुबाँ,dilrubaa,dilarubaan
1602,सुकूं,sukuun,sukun
1603,सदा,sada,sada
1604,बुलाए,bulaaye,bulae
1605,पुह्ल,puhal,puhl
1606,पुष्प,push,pushhp
1607,शोलों,sholon,sholo
1608,माई,maai,maai
1609,अधर,adhar,adhar
1610,रोगी,rogi,rogee
1611,सोनेवाले,sonevaale,sonewaale
1612,बुलाके,bulaake,bulaake
1613,डरूँगी,darungi,darungi
1614,तोरे,tore,tora
1615,निगाह,nigaah,nigah
1616,पड़ने,padane,padane
1617,घटेगा,ghatega,ghatega
1618,बावरी,baavari,baawaree
1619,नारों,naaron,naro
1620,लूटन,luutan,luutan
1621,मान,maan,maaf
1622,तेली,teli,teli
1623,पराया,paraya,paraaya
1624,सोऊँ,sooon,soun
1625,बिछड़ने,bichhadane,bichhadane
1626,सभ्य,sabha,sabhy
1627,बताएंगे,bataayenge,bataaenge
1628,नयना,nayana,nayana
1629,टोड़,toda,tod
1630,नेताजी,netaai,netaaji
1631,आया,aaya,aaja
1632,गरो,garo,garo
1633,डूबा,dubaa,duba
1634,लेहरों,leharon,laharon
1635,आज़माओ,aazamaao,aajamao
1636,चिलमनों,chilamanon,chilamanon
1637,सामान,samaan,saamaan
1638,जताओगे,jataaoge,jataaoge
1639,मन्चले,manchale,manchale
1640,मिटाता,mitaataa,mitatha
1641,चुराया,churaayaa,churaaya
1642,हुक़ूमत,huquumat,huqumat
1643,बताशे,bataashe,batashe
1644,काबू,kaabu,kaabo
1645,झुकाना,jhukaana,jhukaanaa
1646,बढ़कर,badhakar,badhakar
1647,छुटेगा,chhutega,chhutega
1648,जाग,jaag,jaaga
1649,बंजारा,banjaara,banjara
1650,बाँहों,baanhon,baanhen
1651,बदरी,badri,badari
1652,भीगे,bhige,bege
1653,कहूँगी,kahoongi,kahuungi
1654,तिरछी,tirachhi,tirachhi
1655,रोएँगे,roenge,royeinge
1656,खिलने,khilne,khilne
1657,मांगी,mangi,maagii
1658,परदेसी,paradesi,paradesi
1659,कुफ़्र,kufr,kufr
1660,राजगुरु,raajugru,raajaguru
1661,क़तलाँ,qatalaan,qatalaan
1662,चटोकन,chatokan,chatokan
1663,विपदा,vipada,vipadaa
1664,आँसू,aansu,aansu
1665,चप्पल,chapapal,chappal
1666,काबिल,kaabil,kaabil
1667,अंग्रेज़,angre,angrez
1668,गले,gale,galey
1669,बाइला,baila,baila
1670,हाट,haat,haat
1671,पर्दे,parde,parde
1672,डूबती,duubati,duubatii
1673,इतरा,itraa,itara
1674,पाऊँ,paaun,paayun
1675,जाओ,jaao,jaavo
1676,शेर,sher,sher
1677,विल,wil,vil
1678,साजन,saajan,sajaan
1679,छीने,chhine,chhine
1680,खिल,kil,khil
1681,तेरा,teraa,thera
1682,मीचे,meeche,miche
1683,रुकिये,rukiye,rukiya
1684,अदाएं,adaayen,adayen
1685,पीया,piyaa,piyaa
1686,कमर,kamar,kamar
1687,सँवारता,sanvaaraata,sanvarta
1688,जाऊं,jaaun,jaauun
1689,पूरा,pooraa,poora
1690,जलूँ,jaloon,jaluun
1691,हवाले,hawaale,havaale
1692,ज्योतवाली,jyotavaali,jyotawaali
1693,मुस्कानें,muskaane,muskane
1694,केकरतू,kekaratu,kekaratuu
1695,निनिप,nini,ninipa
1696,टिप्सी,tipis,tipsi
1697,देवता,devata,devtaa
1698,मारे,maare,mare
1699,दामालो,daamaalo,daamaalo
1700,वही,vahi,vohi
1701,पं,pan,pan
1702,सिखलाया,sikhalaaya,sikhalaaya
1703,नाज़नीन,naazanin,naazneen
1704,आपे,aape,aape
1705,पढ़े,padhe,padhe
1706,लूटेगा,luutega,lootega
1707,इनपे,inpe,inape
1708,ताली,tali,taali
1709,निकाला,nikaala,nikal
1710,बेकरारी,bekaraari,beqaraarii
1711,दरियाओं,dariyaayon,dariyaaon
1712,न्यारी,nayari,nyari
1713,झुकाइये,jhukaaiye,jhukaaiye
1714,सटाक,sataa,satak
1715,फाँकों,phaanko,phaankon
1716,मुसकुराती,muskuraat,musakuraati
1717,अफ़लातून,afalaatan,afalaatoon
1718,आस्तानों,aastaanon,aastaanon
1719,टाली,taali,taali
1720,बेरूह,beruh,berooh
1721,मुरारे,muraare,muraare
1722,जगत,jagat,jagata
1723,चुरा,chura,chehra
1724,घुला,ghula,gula
1725,असदुल्लाह,asadulala,asadullaah
1726,भुलाई,bhulaai,bhulaayi
1727,होशमंद,hoshamadan,hoshamand
1728,कदराँ,kadaraan,kadaraan
1729,पहनूं,pahanun,pahanuun
1730,बात,baat,baath
1731,खींचो,khincho,khincho
1732,राखे,raakhe,raakhe
1733,लिले,lile,lile
1734,तांगे,taange,taange
1735,निराधार,niradaar,niraadhaar
1736,नौजवाँ,naujawaan,naujavaan
1737,गहना,gehanaa,gehnaa
1738,करिये,kariye,kariye
1739,तारे,tare,thaare
1740,बंद,band,band
1741,बाएं,baayen,baaen
1742,वीरानों,veeraanon,wiraanon
1743,चमकाया,chamakaaya,chamkaaya
1744,आँधी,andhi,aandhi
1745,किसीको,kisiiko,kisiko
1746,बादशाह,baadashaa,badashaah
1747,जपता,japata,japta
1748,आँचलों,aanchalon,aanchalo
1749,संवार,sanvar,sanvaar
1750,कुम्हलयी,kumhalayi,kumhalayi
1751,महरबानी,meharabaani,maharabaani
1752,महिमा,mahima,mahimaa
1753,बेरियों,beriyon,beriyon
1754,बचेगा,bachega,bachega
1755,महक,mahak,mehak
1756,तेल,tel,tel
1757,लड़ेगा,ladega,ladega
1758,तड़पाएगा,tadapaayega,tadapaayega
1759,बोले,bole,bhole
1760,काबु,kabu,kaabu
1761,सूनी,suni,sooni
1762,दिला,dilaa,dila
1763,सम्हाल,samhaal,samhaal
1764,फ़रमाओगी,faramaaogi,farmaaogi
1765,बनाये,banaye,banaaye
1766,चले,chale,chalye
1767,मैया,maiya,maiyya
1768,मजबूर,majabur,majboor
1769,पुत्र,putr,putr
1770,सिमटने,simatane,simatne
1771,आज़ार,aazar,aazaar
1772,भिड़ा,bhida,bhida
1773,दहकती,dahakati,dahakati
1774,वफ़ादार,vafaadaara,vafaadaar
1775,नहलाऊँ,nahalaayuun,nahalaauun
1776,हुस्न,husn,husno
1777,सहूं,sahuun,sahoon
1778,गिरके,girake,girake
1779,बिता,bita,bitha
1780,दोराहों,doraahon,doraahon
1781,कुँवर,kunvar,kunvar
1782,हँसेगी,hansegi,hansegi
1783,लोचा,locha,locha
1784,बयन,bayan,bayan
1785,उगती,ugati,ugti
1786,खोलने,kholne,kholane
1787,तराने,taraane,taraane
1788,खाओगे,khaaoge,khaaoge
1789,सुलझाई,sulajhaai,suljhaai
1790,रहा,raha,rahan
1791,खामोशियों,khaamoshiyon,khamoshiyon
1792,कहा,kaha,kahaa
1793,रोनी,roni,roni
1794,छानता,chaanata,chhaanata
1795,बिछड़े,bichhde,bichde
1796,सुनू,sunu,sunu
1797,जानेवाले,jaanewaale,jaanewale
1798,दहला,dahala,dehlaa
1799,पिस्ता,pista,pishtaa
1800,सुनो,suno,suuno
1801,परेशाँ,pareshaan,pareshan
1802,सुनाएँगी,sunaayengi,sunaaengi
1803,रास्ता,rasta,rastaa
1804,पहनकर,pehnakar,pahanakar
1805,उड़ाऊँ,udaauun,udhaoon
1806,होंथों,honton,honthon
1807,लगाता,lagaata,lagaataa
1808,चुराऊँगा,churaunga,churaauunga
1809,जागी,jaagi,jaagi
1810,बाँकी,baanki,baaki
1811,च्छुपके,chhupake,chhupake
1812,मेहराँ,meharaan,mehraan
1813,नग़्में,nagmen,naghmen
1814,होंटों,honton,honton
1815,छोकरा,chhokara,chhokara
1816,चागया,chaagayaa,chaagaya
1817,शोलों,sholon,sholon
1818,बेवतनों,bevatanon,bevatnon
1819,रह,raha,rehe
1820,पिलाऊं,pilaaun,pilaaun
1821,रीछ,richa,rich
1822,दिखाकर,dikhaakar,dikhaakar
1823,बीतेगा,bitega,beetegaa
1824,हवाओं,hawaaon,hawao
1825,पंगा,pangaa,panga
1826,बसेरा,baseraa,basera
1827,रुह,ruh,rooh
1828,बरे,bare,bare
1829,कंजी,kanji,kanji
1830,बाती,baati,baatee
1831,बाँवरिया,baavariyaa,baanvariya
1832,कबीर,kabir,kabir
1833,पीछे,piche,peechhe
1834,बचानी,bachaani,bechaini
1835,चिल्लाते,chillaate,chillaate
1836,बिखरती,bikharati,bikharati
1837,पैया,paiyaa,paiyaa
1838,धुधुम,dhudhum,dudhum
1839,बचाएगी,bachaayegi,bachaayegi
1840,गाँव,gaavan,gaanw
1841,बरसातें,barasaate,barasaate
1842,साँवली,saanvali,sawali
1843,नोन,non,non
1844,तरु,taru,taru
1845,उगार,ugaar,ugaar
1846,डूबना,duubana,doobna
1847,सरगोशी,sargoshi,saragoshi
1848,बीतें,beeten,bitein
1849,चरकों,charakon,charakon
1850,इंतज़ाम,intezaam,intazaam
1851,छलकाया,chhalakaayaa,chhalkaya
1852,सावन,saavan,saavana
1853,बमबम,bamabam,bamabam
1854,ज़माना,zamanaa,zamaanaa
1855,फ़ासलों,faasalo,faasalon
1856,गुज़ारा,guzara,guzaraa
1857,काबिल,kaabil,qaabil
1858,मोय,moy,moy
1859,होना,honaa,hona
1860,लाने,lane,laane
1861,तड़पना,tadapana,tadapana
1862,सहारा,sahaaraa,sahaara
1863,खेतों,kheton,kheyton
1864,छोड़ूँगा,chhoduunga,chhodoonga
1865,हूँ,hoon,hoy
1866,करार,karaar,karar
1867,चुभाएं,chubhaaen,chubhaayen
1868,भोलपन,bholapan,bholapan
1869,मिलेगे,milega,milega
1870,बिंदिया,bindiyaa,bindiyaa
1871,रीत,reet,rit
1872,रहेंगे,rahenge,rahenge
1873,हँसने,hansane,hansane
1874,क़ातिलाना,qaatilaana,qatilaana
1875,कर,kar,kar
1876,विध्नेश्वर,vidhshvanre,vidhneshwar
1877,चाचा,chacha,chaacha
1878,डगमगाती,dagamagaati,dagamagaati
1879,स्वर,svar,swar
1880,देता,deta,detaa
1881,शोभतोबरा,shobabhatora,shobhatobara
1882,लुटता,lutata,lutatta
1883,हलो,halo,halo
1884,आँचरा,aanchara,aanchara
1885,मितवा,mitava,mitwaa
1886,अलादीन,alaadin,alladin
1887,भाभियाँ,bhabiyaan,bhaabhiyaan
1888,मतवाला,matwaala,matvaalaa
1889,जबां,jabaan,jabaan
1890,फुहारें,phuhaaren,phuhaaren
1891,अटरिया,atariyaa,atariyaa
1892,क्यूं,kyuun,kyun
1893,मौसमी,mausami,mausami
1894,सारे,saare,saaare
1895,मायूस,maayus,maayuus
1896,यकीन,yakin,yakiin
1897,हँसतों,hansaton,hanston
1898,समझाई,samjaai,samajhaaii
1899,अम्बर,ambar,ambar
1900,चितवत,chitavat,chitawat
1901,भागा,bhaaga,bhaaga
1902,फिरा,phira,phiraa
1903,जामुन,jaamun,jaamun
1904,उलझते,ulajhate,ulajhate
1905,बरसेगी,barasegi,barasegee
1906,निकालूँगा,nikaloonga,nikaalungaa
1907,बोई,boi,boyi
1908,बेड़ा,bedaa,beda
1909,दिखेगी,dikhegi,dikhegi
1910,जानूं,jaanu,jaanuun
1911,झूलों,jhoolon,julo
1912,बंधे,bandhe,bandhe
1913,हमनवा,hamnavaa,humnawah
1914,निभाऊँगी,nibhaaoongi,nibhaaungi
1915,भरमाकर,bharamaakar,bharamaakar
1916,रवानी,ravaani,ravaani
1917,तलवारें,talavaaren,talawaarein
1918,इनकार,inkaar,inakaar
1919,निखार,nikaah,nikhar
1920,सपनें,sapane,sapanein
1921,लकड़ी,lakdi,lakadi
1922,अन्जानी,anjaani,anjani
1923,होंटों,honton,honthon
1924,लल्ला,lalla,lalla
1925,ज़ुबानों,zubaanon,zubaanon
1926,सहमा,sehama,sahamaa
1927,अपुन,apun,appun
1928,लारे,lare,laare
1929,तिना,tina,tina
1930,भाएगा,bhaayega,bhaayega
1931,बसिया,basiya,basiya
1932,निराली,niraali,nirali
1933,कतरा,katara,katra
1934,पाणी,paani,paani
1935,सजाता,sajaata,sajaata
1936,रंगीलों,rangeelon,rangeelon
1937,पास,paas,paas
1938,उठाती,uthaati,uthati
1939,चवन्नी,chavanni,chavanni
1940,दिशाएँ,dishayen,dishaayen
1941,पेहली,pehali,pehali
1942,साहिल,saahil,saheel
1943,जाएँगी,jayengi,jaayegi
1944,जाऊँ,jaauun,jaoon
1945,किस्तों,kiston,kishto
1946,कहाँ,kahaan,kahaa
1947,दबाके,dabaake,dabaake
1948,पाना,paana,paana
1949,इक्कीस,ikkis,ikkis
1950,तपत,tapat,tapat
1951,तमाम,tamaam,tamam
1952,छुम,chham,chhum
1953,दुशाला,dushaalaa,dushaala
1954,सहोगी,sahogi,sahogi
1955,केंडी,kendi,kendi
1956,बिठाया,bhithaya,bithaaya
1957,अन्जान,anjaan,anjaan
1958,तुस्सी,tussi,tussi
1959,खिलाने,khilaane,khilaane
1960,माहियां,maahiyaan,maahiyaan
1961,टांग,taang,taang
1962,तिनका,tinka,tinaka
1963,वफ़ा,vafa,vafaa
1964,ऐत्बार,batar,aitbaar
1965,तमा,tama,tamaa
1966,सौदागर,saudaarag,saudagar
1967,हारे,haare,hare
1968,किरनों,kirano,kirnon
1969,तीस,tis,tees
1970,हरे,hare,hare
1971,राखत,raakhta,raakhat
1972,शानदार,shaandaar,shaanadaar
1973,चोटी,choti,choti
1974,आऊँगा,aaoonga,aavunga
1975,भटके,bhatke,bhatke
1976,निगाहों,nigaahon,nigaho
1977,पूरी,poori,purii
1978,जानूँ,jaanun,jaanun
1979,पनिगम,panigam,panigama
1980,लम्हा,lamha,lamhaa
1981,दीवानापन,deewaanapan,diwaanaapan
1982,चमकेगी,chamakegi,chamakegi
1983,सोचने,sochne,sochney
1984,जूम,joom,juum
1985,इल्लये,illaye,illaye
1986,लब,lab,labh
1987,सत्रह,satrah,satrah
1988,हँसना,hasana,hansanaa
1989,इंतजार,intjaar,intjar
1990,बैठें,baithen,baithein
1991,दादागीरी,daadagiri,daadaageeri
1992,उड़े,ude,ude
1993,उठेगी,uthegi,uthegi
1994,जावा,jaava,jaava
1995,जुलता,julta,julata
1996,पच्चिस,pachchis,pacchis
1997,पावों,paavon,paavon
1998,तुमपे,tumape,tumpe
1999,गिराएंगे,giraayenge,giraayenge
2000,राहें,raahen,raahen
2001,राति,raati,raati
2002,उसमे,usame,usme
2003,हिंदू,hindu,hindu
2004,मिलाऊँ,milaaoon,milaaoo
2005,चटक,chatak,chatak
2006,अजीब,ajii,ajeebsi
2007,अजाए,ajaaye,ajaye
2008,मसतानी,masataani,masataani
2009,राही,raahi,rahi
2010,शिकने,shikane,shikane
2011,खिल,kil,khila
2012,तेरो,tero,tero
2013,हँ,ha,han
2014,ढूँढेगी,dhundhegi,dhuundhegi
2015,मानता,maanaata,maanta
2016,हमसाया,humsaaya,hamasaya
2017,गरेबां,garebaan,garebaan
2018,खोई,koi,khoi
2019,दिन्से,dinse,dinse
2020,कसमसाती,kasamasaati,kasmasaati
2021,भाइयों,bhaaiyon,bhaayiyon
2022,बरसाने,barasaane,barasaane
2023,क्षयम,kshayam,kshayam
2024,दिस,dis,dis
2025,जगाए,jagaaye,jagaye
2026,चमकती,chamakati,chamakati
2027,वॉक,vok,walk
2028,ओढ़नी,odhani,odhani
2029,चलाई,chalaai,chalayi
2030,देवता,devata,devata
2031,सजाइले,sajaaile,sajaaile
2032,पहचानते,pahachaanate,pahchaante
2033,जाने,jaan,jaane
2034,तड़पें,tadpen,tadapen
2035,पिलाए,pilaaye,pilaae
2036,ज़ुल्मात,zulmaat,zulmaat
2037,निराले,niraale,neerale
2038,सेबों,sebon,sebon
2039,मारी,maari,marzi
2040,चंद्रहार,chandrahaar,chandrahaar
2041,हँसनी,hansin,hansni
2042,निन्दर,nindar,nindar
2043,अंखियाँ,ankhiyaan,ankhiyaan
2044,सुलेमान,sulemaan,sulemaan
2045,जनाज़ा,janaaza,janaazaa
2046,चोटियाँ,chotiyaan,chotiyaan
2047,बाला,bala,baala
2048,भात,bhat,bhaat
2049,दामिन,daamin,daamin
2050,पहला,pahalaa,phela
2051,गुड़िया,gudiyaa,gudiyaan
2052,गाये,gaaye,gaye
2053,निसदिन,nisadin,nisadin
2054,दुर्भाग्य,durbhaagay,durbhagya
2055,मरा,mara,mara
2056,कश्तियां,kashtiyaan,kashtiyaan
2057,जागा,jagaa,jaagaa
2058,तरसाए,tarasaaye,tarsaaye
2059,महँगा,mehnga,mahangaa
2060,बाँसुरी,baansuri,baansurii
2061,डगमगाना,dagamagaana,dagamagaana
2062,मिठी,miti,mithi
2063,जूड़े,jode,joode
2064,डूब,dubu,dub
2065,मुझे,mujhe,muze
2066,बेख्याल,bekhyala,bekhyaal
2067,मरेगी,maregi,maregi
2068,काम,kaam,kam
2069,लाज़मी,laazmi,laazami
2070,दूनिया,duniya,duuniya
2071,दावतें,daavaten,daawatein
2072,दुखों,dukho,dukhon
2073,चढ़ा,chadha,chada
2074,मेंहदी,menhadi,meinhadi
2075,उतरी,utri,utarii
2076,रुकती,rukti,rukti
2077,नीली,neeli,niilii
2078,दुष्कर्मों,dushkarmon,dushkarmon
2079,हवायें,hawaayen,havaayein
2080,जगमगाती,jagamagaati,jagamagaati
2081,कहूंगी,kahuungi,kahungi
2082,सिंगार,singaar,singhaar
2083,कुन्ज,kun,kunj
2084,उतनी,utani,utanii
2085,कब,kaba,kabh
2086,लगालो,lagaalo,lagaalo
2087,मिठे,mithe,mithe
2088,ताकत,taakat,taakat
2089,सोते,sote,sote
2090,घबराओ,ghabaraao,gabhrao
2091,दिलबरजानियां,dilbaraajiayana,dilabarajaaniyaan
2092,भांगड़ा,bhaangada,bhaangadaa
2093,बलिया,baliya,baliya
2094,तुम्हि,tumhi,tumhi
2095,गिराया,giraaya,giraaya
2096,बहाली,bahaali,bahaali
2097,मदहोशियों,madahosiyon,madhoshiyon
2098,मानता,maanaata,maanataa
2099,ज़ुबानें,zubaane,zubaanen
2100,बनावट,banaavat,banaawat
2101,चहके,chahake,chehake
2102,महबूबा,mahabuuba,mehbooba
2103,दिलबरजानी,dilbaraajin,dilabarajaani
2104,सहूँ,sahoon,sahoo
2105,ज़माने,zamane,jamaane
2106,ख़्वाबों,khwabon,khwaabo
2107,बचाता,bachaata,bachaata
2108,नाले,naale,nale
2109,गवा,gava,gava
2110,उभारा,ubhaara,ubhaara
2111,अभ,aba,ab
2112,मात,mat,maata
2113,मिटाते,mitaate,mitate
2114,दिलजलों,diljalon,dilajalon
2115,बुलाती,bulaati,bulaati
2116,वापस,vaapas,vapas
2117,सुना,suna,sunaa
2118,फ़सानो,fasaano,fasaano
2119,हमीं,hamin,hamin
2120,जताओ,jataao,jataao
2121,ज़िन्दा,zindaa,zinda
2122,दीवानगी,deewangi,diwanagi
2123,दिलाकर,dilakar,dilakar
2124,किसके,kisake,kiske
2125,भँवरा,bhanvara,bhanwaraa
2126,राहु,rahu,rahun
2127,नासमझ,naamasah,nasamajh
2128,पूचो,puchon,puucho
2129,मिटेंगे,mitenge,mithenge
2130,जलाए,jalaaye,jalaaye
2131,उलझी,ulajhi,uljhi
2132,जाऊँगा,jaauunga,jaayuunga
2133,साला,saalaa,sala
2134,वहीं,vahin,vahiin
2135,चकोरी,chakori,chakori
2136,बुझाए,bujhaaye,bujhaaye
2137,दीदार,didaar,didar
2138,पूरी,poori,puree
2139,नाराज़,naaraaz,naaraz
2140,तड़पाएँगे,tadapaayenge,tadapaayenge
2141,फुल,ful,phul
2142,हक़ीक़त,haqiiqat,haqiqat
2143,उमन्गों,umangan,umangon
2144,पाँव,paanv,paanv
2145,तिल,til,til
2146,हारा,haara,hara
2147,हुस्नवालो,husnavaalo,husnavaalon
2148,फ़िदा,fida,fidaa
2149,दूल्हा,doolha,duulhaa
2150,बसने,basne,basane
2151,रह,raha,reha
2152,टकराने,takaraane,takaraane
2153,खिलौनों,khilaunon,khilauno
2154,जाऊँगी,jaaoongi,jaaungi
2155,कहती,kahati,kehatee
2156,सादा,sada,saudaa
2157,दीवानी,deewaani,diwaani
2158,कम,kam,kam
2159,वोली,voli,voli
2160,रूठने,ruuthane,ruthane
2161,भागम,bhaagam,bhaagam
2162,वल्लाह,wallah,vallah
2163,मनमोर,manamor,manmor
2164,चाहतों,chahaton,chaahato
2165,लाली,laali,laali
2166,बुलायेगा,bulaayega,bulaayega
2167,मारूंगी,maarungi,maarungi
2168,भागी,bhaagi,bhagi
2169,तरसूँ,tarasun,tarasoon
2170,झुमका,jhumakaa,jhumaka
2171,पुरवैया,purvaiya,purawaiya
2172,प्याज,pyaaj,piyaaz
2173,बुज़ुर्गों,buzurgon,buzurgon
2174,डालूँगा,daaluunga,daalunga
2175,गायेंगे,gaayenge,gaayenge
2176,नीची,nich,niichii
2177,बेमिसाल,bemisal,bemisaal
2178,ठुकराओ,thukaraao,thukraao
2179,बेवफ़ा,bewaa,bewafa
2180,छाँव,chhaan,chaanv
2181,समझोगी,samjhogi,samajhogii
2182,सुक़ूँ,suquun,suqoon
2183,इनका,inkaa,inkaa
2184,अनखलियाँ,anakhaliyaan,atakheliyaan
2185,चमका,chamakaa,chamaka
2186,राधा,radaa,radha
2187,मू,mu,mu
2188,रेली,reli,reli
2189,उल्जहे,ulajhe,uljahe
2190,आसमां,aasamaan,aasman
2191,बुझाते,bujhaate,bujhaate
2192,होंठ,hont,hot
2193,तनहाईयों,tanahaaiyon,tanahaayiyon
2194,शिकारी,shikaar,shikari
2195,सरापा,saraaapa,saraapaa
2196,बैरिया,bairaya,bairiya
2197,रहती,rahti,rahatii
2198,अंजानी,anjaani,anjaani
2199,बताएँ,bataaye,bataaein
2200,झगड़ा,jagdaa,jhagda
2201,सेवक,sevak,sevak
2202,पछताए,pachhataaye,pachhtaaye
2203,बैठेंगे,baithenge,baithenge
2204,जुलमी,julami,julmi
2205,जलतरंग,jalatarang,jaltarang
2206,चढ़ाओ,chadhaao,chadhaao
2207,शर्माया,sharmaaya,sharmaaya
2208,तोड़ूं,toduun,toduun
2209,दबाया,dabaayaa,dabaaya
2210,मरें,maren,maren
2211,नसले,nasale,nasale
2212,मसलने,masalne,masalane
2213,मजबूरियाँ,majbooriyaan,majbooriyan
2214,चमेली,chameli,chameli
2215,अपने,apane,apanee
2216,बेशर्म,besharm,besharm
2217,मुसकाओ,musakaao,musakaao
2218,ख्यालात,khyaalaa,khayalaat
2219,स्जा,sja,sjaa
2220,महकाए,mahakaaye,mahakaaye
2221,खिल्लत,khillat,khillat
2222,पड़ा,padaa,padha
2223,छेडिस्तान,chhidestan,chhedistaan
2224,इकतारा,iktaaraa,ikataara
2225,हाल,haal,haala
2226,ग्वाला,gvaala,gvaalaa
2227,कूद,kud,kud
2228,पगले,pagale,pagle
2229,वार्ता,varta,vaarta
2230,ग़मों,gamon,gamon
2231,तुम्पे,tumpe,tumpe
2232,नार,naar,naar
2233,सीखा,sikhaa,sikha
2234,परवानो,paravaano,paravaano
2235,जिसमे,jisme,jisame
2236,बंजारों,banjaaron,banjaron
2237,हूं,huun,hun
2238,छुपोगे,chhupoge,chhupoge
2239,पुराओ,puraao,purao
2240,मनसूब,manasuub,mansoob
2241,वीरान,viraan,viiraan
2242,तूने,tuune,toone
2243,स्पने,spane,sapane
2244,बाँढ,baad,baandh
2245,काटूँ,kaatuun,kaatun
2246,कामयाब,kaamayaab,kaamiyaab
2247,जानके,jaanke,jaanke
2248,बांचते,baanchate,baanchate
2249,माझी,maaji,majhi
2250,उनकी,unki,unaki
2251,पुरवैया,purvaiya,puravaiya
2252,मुस्कुरायेंगी,muskuraayeng,muskuraayengi
2253,पुकारते,pukaarate,pukaarte
2254,बुझाने,bujhaane,bujhaane
2255,हाठों,haathon,haathon
2256,डूबे,dube,doobe
2257,अब,ab,abb
2258,नतीज़ा,natiza,natiza
2259,मनबसिया,manabaisan,manabasiyaa
2260,नज़ारे,nazare,nazarey
2261,चुल्ल्हे,chulhle,chullhe
2262,रहो,raho,raho
2263,उतानी,utaani,utaanii
2264,मतवाला,matwaala,matvaala
2265,काफिला,kaafilaa,kaafila
2266,साजन,saajan,saajana
2267,चूर,chuur,choor
2268,बन्जारन,banjaanra,banjaaran
2269,रहूँगी,rahuungi,rahuungi
2270,पकड़के,pakadake,pakadake
2271,मुसकुराने,muskuraane,musakuraane
2272,शिकारा,shikaaraa,shikara
2273,होशियारी,hoshiyaari,hoshiyaari
2274,मानो,maano,maano
2275,ज्योती,jyoti,jyotii
2276,पियवा,piyavaa,piyava
2277,कुके,kuke,kuke
2278,रहूं,rahuun,rahuun
2279,नौकरानी,naukaaraani,naukaraani
2280,बरसता,barasata,barasta
2281,संग्राम,sangraam,sangraam
2282,करुन,karun,karun
2283,हमारा,hamaara,humaara
2284,कमज़ोरों,kamazoron,kamazoron
2285,बतलाना,batalaana,batalaana
2286,बिखरे,bikhare,bhikre
2287,परसों,paraso,parson
2288,सुनाऊं,sunaaun,sunaauun
2289,जलके,jalke,jalake
2290,मुजरिम,mujarim,mujrim
2291,रहना,rahana,rahena
2292,गवारा,gavaara,gavaaraa
2293,सररारा,sararaara,sararara
2294,कहदो,kahado,kehdo
2295,तपी,tapi,tapee
2296,भगवान,bhagavaan,bhagwan
2297,उजड़ी,ujadi,ujadi
2298,नुपूरे,nupure,nupure
2299,आँचल,anchal,aanchal
2300,शर्माये,sharmaaye,sharmaaye
2301,बरसेगी,barasegi,barasegi
2302,वाहे,waahe,vaahe
2303,शायर,shaar,shaayar
2304,दिलबर,dilbar,dilbaar
2305,जानों,jaanon,janon
2306,पहलू,pahalu,pehloo
2307,दीवानगी,deewangi,deevaanagi
2308,सँवारे,sanvaare,sanware
2309,बहलाएगा,bahalaayega,behlayega
2310,जीतोगी,jeetogi,jeetogi
2311,ख्वाब,khava,khvaab
2312,वरदानी,varadaani,varadaani
2313,इठलाती,ithlaati,itlati
2314,बिल्लो,billo,billo
2315,दोहराये,doharaaye,dohraaye
2316,अजायबखाना,ajabaakhaayaan,ajaayabakhaana
2317,जीले,jile,jeele
2318,हारू,haaru,haaru
2319,डारि,daari,daari
2320,सन्देस,sandes,sandes
2321,एकान्त,ekanaa,ekaant
2322,केटे,kete,kete
2323,मासे,maase,maase
2324,रामायण,raamaayan,raamaayan
2325,धानी,dhaani,dhaani
2326,मंगदी,mangadi,mangdi
2327,नचाना,nachaana,nachaana
2328,चंदा,chanda,chandaa
2329,सानूं,saanun,saanuun
2330,धनवान,dhanwaan,dhanwan
2331,गलत,galat,galat
2332,पलती,palati,palati
2333,उभरते,ubharte,ubharate
2334,फ़रिक़ों,fariqon,fariqon
2335,तूफ़ान,tufaan,toofaan
2336,कुत्ते,kutte,kutte
2337,मेहमान,mehumaan,mehman
2338,पीपल,pipal,pipal
2339,क़ता,qataa,qata
2340,समाई,samaai,samayi
2341,डिगरी,digari,digari
2342,जादुकी,jaduki,jaduki
2343,ढूँढेंगे,dhundhenge,dhuundhenge
2344,प्रीत,prit,paaye
2345,घरवाला,gharvaala,gharavaalaa
2346,झाँझनों,jhaanjhanon,jhaanjhanon
2347,करदें,karaden,karaden
2348,हमदर्दी,hamadardi,humadardee
2349,सम्भालेगा,sambhaalega,sambhaalega
2350,खुशियाँ,khushiyaan,khushiyaan
2351,मीना,mina,minaa
2352,माँ,maan,maana
2353,ख़ताओं,kataaon,khataaon
2354,मस्ताने,mastaane,mastaane
2355,महुआ,mahuaa,mahua
2356,राख,raakh,raakh
2357,ज़िम्मेदारी,zimmedaari,zimmedaari
2358,घटाएँ,ghataaen,ghataaen
2359,खाली,khaali,khaali
2360,काका,kaakaa,kaaka
2361,मुझपे,mujhape,mujhape
2362,नगमा,nagama,nagma
2363,बाजुओं,baajuon,bajon
2364,मासूम,maasum,maasuum
2365,सज्जे,sajje,sajje
2366,कुटूम,kutum,kutumb
2367,मुसोलिनी,muslioni,musolini
2368,मुम्किन,mumkin,mumkin
2369,सम्भलते,sambhalte,sambhalte
2370,बरसते,baraste,baraste
2371,लंका,lanka,lankaa
2372,लहराये,lehraaye,lehraye
2373,लुभाता,lubhaata,lubhata
2374,लूटे,luute,lute
2375,सहराओं,saharaaon,saharaaon
2376,शाहकार,shaahakar,shaahakaar
2377,उठें,uthe,uthen
2378,जितना,jitana,jitanaa
2379,सुरमैइ,suramii,suramai
2380,आज़माऊँ,aazamaaun,aazamaauun
2381,माँ,maan,maa
2382,हवा,hawaa,hawa
2383,मुस्कुराऊँ,muskuraauun,muskuraoo
2384,कभीं,kabhin,kabhin
2385,बरसी,barasi,barasi
2386,मधुरस,madhuras,madhuras
2387,ख़याल,kayal,kayaal
2388,हँसेंगे,hansenge,hansenge
2389,मातरम,mataram,maataram
2390,जागदा,jagada,jaagada
2391,भीगो,bhigo,bhigho
2392,दरस,daras,daras
2393,निहाल,nihaal,nihaal
2394,भूलेगी,bhuulegi,bhulegi
2395,बोलूँगी,boluungi,bolungi
2396,जिना,jinaa,jeena
2397,सलल्लाह,sallalah,salallaah
2398,बाली,baali,bali
2399,कसीदों,kasidon,kaseedon
2400,झुकाना,jhukaana,jhukana
2401,उड़ाती,udaati,udaati
2402,हज़ूर,hazoor,hazuur
2403,किन्ना,kinna,kinna
2404,दुखाते,dukhaate,dukhaate
2405,फुलवारियाँ,phulavariyaan,phulawaariyaan
2406,किरणों,kiranon,kiranon
2407,तड़पाया,tadapaayaa,tadpaya
2408,जीया,jiyaa,jiyaa
2409,रश्क़,rash,rashq
2410,पिंडारू,pindaaru,pindaru
2411,इन्कार,inkaar,inkaar
2412,रिम,rim,rhim
2413,नासमझ,naamasah,naasamajh
2414,पूजो,poojo,puujo
2415,साधुनाम,saadhumaana,saadhunaam
2416,चाहूंगा,chaahoonga,chaahungaa
2417,बेक़रारियों,beqaraaiyon,beqaraariyon
2418,बहलाता,bahalaata,bahalaata
2419,इल्तिजा,iltijaa,iltija
2420,चलयते,chalayate,chalayate
2421,पुछ,puchh,puch
2422,सुनाए,sunaaye,sunaae
2423,ज़िंदगी,zindagi,zindagee
2424,दीवार,deevar,divaar
2425,सपनें,sapane,sapne
2426,साजना,saajaana,saajnaa
2427,झुकती,jhukti,jhukatii
2428,बचने,bachne,bachane
2429,हँसना,hasana,hansna
2430,नज़रे,nazare,nazare
2431,बुम्बरो,bubmaro,bumbaro
2432,घी,ga,ghi
2433,डाससे,daasase,dasse
2434,अंगारे,angaare,angaarey
2435,दीवारों,deewaaron,divaaron
2436,पीसी,pisi,pisi
2437,पेचीदा,pecheeda,pechida
2438,आयासी,aayasi,aayaasi
2439,वकालत,vakaalat,vakaalat
2440,खिचती,khichati,khichti
2441,सवालात,savalat,sawalat
2442,निखरी,nikhari,nikhari
2443,मायूस,maayus,mayoos
2444,वार,vaar,waar
2445,स्वीटी,switi,sweety
2446,जिहुवा,jihuvaa,jihuva
2447,लगती,lagati,lagti
2448,तलवार,talavaar,talwaar
2449,उटी,uti,uti
2450,चमल,chamal,chamal
2451,रातें,raaten,raaten
2452,भलाई,bhalai,bhalaai
2453,जीवन,jivan,jiivan
2454,रुसवाइयां,rusavaaiyaan,rusavaaiyaan
2455,लपेट,lapet,lapet
2456,उठाए,uthaae,uthaye
2457,बरसे,barase,barse
2458,दौलतों,daulaton,doulato
2459,चूमे,chume,chume
2460,तड़पाएंगी,tadapaayengi,tadapaaengii
2461,बनते,bante,banate
2462,लिपटूंगा,lipautagn,lipatuunga
2463,वाली,vaali,waalii
2464,पहुँचने,pahunchane,pahunchane
2465,बस,bas,baas
2466,मनाते,manaate,manate
2467,अँगारे,angaare,angaare
2468,सोहना,sohana,sohana
2469,जगाले,jagaale,jagaale
2470,दौराँ,dauraan,dauraan
2471,गलते,galate,galate
2472,सींचा,seencha,seencha
2473,छुपाएगी,chupayegi,chhupaayegi
2474,इनने,inane,inane
2475,हसरती,hasarati,hasarati
2476,बदनसीब,badanasib,badanasiib
2477,शादियाने,shaadiyaane,shaadiyaane
2478,बिसरा,bisara,bisra
2479,पड़ता,padata,padta
2480,झाँका,jhaanka,jhaankaa
2481,अखान,akhaan,akhaan
2482,उपचार,upachaar,upachaar
2483,तनहा,tanaha,tanhaa
2484,मुरारी,muraari,muraari
2485,फ़साना,fasana,fasaanaa
2486,वस्ता,vastaa,vasta
2487,बुझती,bujhati,bujhti
2488,गाएं,gaayen,gaayen
2489,पर्दा,parda,pardaa
2490,पीछेए,pichee,pichhee
2491,रुकमनी,rukamani,rukmani
2492,देखेगी,dekhegi,dekhegee
2493,झूमती,jhoomti,jhuumatii
2494,चेहरा,cheharaa,chehera
2495,महकता,mahakata,mahakata
2496,आईने,aaine,aayne
2497,बाँधा,baandh,bandha
2498,पीने,peene,piine
2499,परा,para,paraa
2500,बरजोरी,barajori,barjori
2501,जतम,jatam,jatam
2502,रहना,rahana,rehnaa
2503,ख़यालों,kayaalon,khayaalon
2504,रतिया,ratiyaa,ratiyaa
2505,ग़ैर,gair,gair
2506,शाला,shaala,shala
2507,दिलासा,dilasaa,dilasa
2508,देखती,dekhati,dekti
2509,गुल्लु,gullu,gullu
2510,गहनों,gahanon,gahanon
2511,दरोगा,darogaa,daroga
2512,शरमाता,sharamaata,sharmaata
2513,दीवारें,deevaarne,diwaare
2514,बाहों,baahon,baaahoin
2515,मांगूं,maanguun,mangun
2516,हुक्कू,hukku,hukkuu
2517,अखियन,akhiyan,akhiyon
2518,पहुंचेगा,pahunchage,pahonchega
2519,सजीला,sajiela,sajila
2520,तालों,taalon,taalon
2521,उठाई,uthi,uthaai
2522,कच्चे,kachche,kachche
2523,सीमा,simaa,seemaa
2524,मकाम,makaam,makaam
2525,अलबेला,alabela,alabela
2526,वादे,wade,waade
2527,वलवले,walavale,walawale
2528,झाँसा,jhaansa,jhaansa
2529,तौलते,taulte,taulate
2530,लड़े,lade,lade
2531,छाते,chhaate,chaate
2532,रास्तों,raaston,raasato
2533,बदलेगी,badalegi,badalegii
2534,अदा,adaa,ada
2535,बेक़सी,beqasi,beqasi
2536,अदाएँ,adayen,adaaen
2537,वाहेगुरु,aavheugar,vaaheguru
2538,आज़माओगे,aazamaaoge,aazmaaoge
2539,उतरन,utaran,utaran
2540,तोद,toda,tod
2541,सुलगी,sulgi,sulgi
2542,बर्सायें,barsaye,barsaaye
2543,दरमियान,daramiyaan,daramiyaan
2544,गिले,gile,gile
2545,आज़ादी,aazadi,azaadi
2546,नहले,nahale,nehle
2547,मुस्कुराता,muskurataa,muskuraataa
2548,चंदा,chanda,chanhda
2549,रियल,riyal,real
2550,पियारी,piyaari,pyaari
2551,दिल्लगी,dillagi,dillagi
2552,बेक़ाबू,beqaabu,beqaabu
2553,श्रीदेवी,shridevi,shridevi
2554,मुसकरा,muskara,musakara
2555,तराज़ू,taraazu,taraazu
2556,नज़ारा,nazaara,najaara
2557,बंसरी,bansari,bansari
2558,बढ़ेगा,badhega,badhegaa
2559,परदा,parada,parda
2560,गरीब,garibi,garib
2561,मदमस्त,madamast,madmast
2562,बिजुरिया,bijuriyaa,bijuriyaa
2563,राम,raam,rama
2564,तुनु,tun,tunu
2565,परित्राणाय,paritaraana,paritraanaay
2566,लंगड़ा,langadaa,langadaa
2567,दुपट्टे,dupatte,dupatte
2568,मिलूंगी,miluungi,miluungii
2569,पढ़,pada,padh
2570,बारात,baaraat,baarat
2571,देना,dena,dena
2572,भूलता,bhulata,bhuulataa
2573,बावारे,baavare,baaware
2574,टकराए,takaraaye,takaraae
2575,किशोरी,kishori,kishorii
2576,खनकाएंगे,khanakaaenge,khankaayenge
2577,चाँदिनी,chaandini,chaandini
2578,बताना,bataana,bataana
2579,हमला,hamala,hamala
2580,करुंगा,karunga,karoonga
2581,टूटा,tuta,tuutaa
2582,बुलाया,bulaaya,bulaya
2583,उठाए,uthaae,uthaaye
2584,मजनू,majnu,majnu
2585,टिम,tim,tima
2586,बेह,beh,beh
2587,बारातें,baaraatein,baaraate
2588,फेरी,pheri,pheri
2589,वात,waat,vat
2590,अफ़साने,afsaane,afasaane
2591,कुछ,kuch,kuch
2592,जागी,jaagi,jaagee
2593,धुलते,dhulate,dhulate
2594,अंखियन,ankhiyan,ankhiyan
2595,दिलारा,dilaara,dilaara
2596,हल्की,halki,halkii
2597,तनहाइयों,tanhaiyaaon,tanahaaiyon
2598,मुस्काये,muskaaye,muskaye
2599,तमाशा,tamaasha,tamasha
2600,कव्वाल,vakaval,kavvaal
2601,निशिगंधा,nishiganda,nishigandhaa
2602,मनाओगे,manaaoge,manaaoge
2603,समा,samaa,samma
2604,जगाये,jagaaye,jagaaye
2605,लगेगी,lagegi,lagegee
2606,मारी,maari,maari
2607,निरधन,niradhan,nirdhan
2608,मेहमाँ,mehumaan,mehemaan
2609,ता,ta,taa
2610,चन्दा,chanda,chandra
2611,पुत,put,put
2612,लहराये,lehraaye,lehraaye
2613,जितना,jitana,jitna
2614,छुपा,chhupaa,chhupaa
2615,वास्ता,vasata,waasta
2616,पगली,pagali,pagali
2617,लहरें,laharein,laharen
2618,टुकड़ा,tukada,tukda
2619,बेनाम,benam,benaam
2620,प्रहार,prahaar,prahaar
2621,रुपये,rupaye,rupaye
2622,पड़ेगा,padega,padegaa
2623,ह,h,he
2624,डालो,daalo,daalo
2625,जागे,jage,jaagey
2626,भ्रमर,bharmar,bhramar
2627,मुख्य,mukha,mukhya
2628,गुन,gun,gaaun
2629,बूटे,boote,buute
2630,विहतांग,vihataang,vihataang
2631,नीन्द,nind,nind
2632,जवान,javaan,jawaani
2633,गुज़रेगा,guzrega,guzaregaa
2634,जियूँगा,jiyuunga,jioongaa
2635,जावा,jaava,jaawa
2636,आज़माया,aazamaaya,aazmaaya
2637,पहरा,paharaa,pahara
2638,महिना,mahina,mahina
2639,खिलाता,khilaata,khilaataa
2640,ठुकराती,thukaraati,thukaraati
2641,रुकना,rukana,rukana
2642,रूठा,ruutha,ruuthaa
2643,बहती,bahati,behti
2644,इनका,inkaa,inaka
2645,रागनी,raagni,ragani
2646,रहगुज़ारों,rahaguzaaron,rehguzaron
2647,नादां,naadaan,nadan
2648,हुमक,humk,humak
2649,नाल,naal,naal
2650,निर्वृद्धा,nirdhvada,nirvriddha
2651,निभाऊंगा,nibhaaunga,nibhaaoonga
2652,ख़ामोशियों,khaamoshiyon,kaamoshiyon
2653,घबराना,ghabaraana,ghabaraanaa
2654,तारीफों,taarion,taarifon
2655,इंतिहा,intihaa,intiha
2656,समझके,samjhake,samajhake
2657,बिरह,biraha,birah
2658,अगड़म,agadam,agadam
2659,आहटें,aahaten,aahaten
2660,मिस्तेर,mister,mister
2661,साँसें,saansen,saasen
2662,भूलकर,bhuulakar,bhulakar
2663,बादशाह,baadashaa,baadshaah
2664,अचकाए,achakaaye,achakaaye
2665,दील,dil,dil
2666,तड़ि,tadi,tadi
2667,चमकीलें,chamakilen,chamkile
2668,नाला,naalaa,naalaa
2669,ज्वाला,jvaala,jwaalaa
2670,महीना,mahiana,mahina
2671,खतरों,khataron,khataron
2672,परछाई,parchaai,parachhaai
2673,फ़िज़ायें,fizaayee,fijaayen
2674,झिलमिलाये,jhilamilaaye,jhilmilaye
2675,वाद,wada,vaad
2676,वरदान,varadaan,wardaan
2677,अंधेरे,andhere,andherey
2678,दीवाने,diwaane,divaane
2679,आकाशों,aakaashon,aakaashon
2680,मर्ग,marg,marg
2681,भूलें,bhuulen,bhoolen
2682,कुच,kuch,kuch
2683,जियोगी,jiyogi,jeeyogi
2684,रोकी,roki,rokee
2685,छोड़ी,chodi,chhodhi
2686,प्याला,pyaala,pyaala
2687,हवाओ,hawaao,hawaao
2688,विक्रमने,vikramane,vikramane
2689,गईं,gayi,gayee
2690,बेवजह,bejavah,bevajaah
2691,कहेगा,kahegaa,kahegaa
2692,मिलवाया,milwaaya,milwaya
2693,दुखाना,dukhaana,dukhaana
2694,बंधाता,bandhaata,bandhaataa
2695,पश्छिम,pashchim,pashchhim
2696,अमीरज़ादी,ameeraadai,ameerzaadi
2697,गाती,gaati,gaatee
2698,उजड़ने,ujadane,ujadane
2699,शोख़ियाँ,shokiyaan,shokhiyaan
2700,खूबसूरत,khubasurat,khubasoorat
2701,चिन,chin,chin
2702,तोहरी,tohri,tohari
2703,समझाने,samajhaane,samjhane
2704,जोड़ा,jodaa,joda
2705,विजय,vijay,wijay
2706,मतवाला,matwaala,matwaala
2707,ग़ुज़रे,guzare,guzre
2708,रोकें,roken,roke
2709,बहाते,bahaate,bahaate
2710,आमबर,aamabar,aamber
2711,अंधों,andhon,andhon
2712,लूटा,luta,lootaa
2713,क्षमा,kshama,kshamaa
2714,फेरों,pheron,phero
2715,लोरी,lori,lori
2716,चुपाना,chupaana,chupana
2717,रसमें,rasameen,rasamen
2718,नौजवानी,naujawaani,naujavaani
2719,रंगवाई,rangavai,rangvaayi
2720,नाचता,naachaat,naachata
2721,किराया,kiraaya,kiraaya
2722,दिखाऊँगा,dikhaaunga,dikhaaoonga
2723,मोहताज़,mohataaz,mohataaz
2724,बालियाँ,baaliyaan,baaliyaan
2725,ख़ाक़,kaa,kaq
2726,छुप्पी,chhuppi,chhuppi
2727,माँगता,maangata,mangata
2728,दूबे,dube,doobe
2729,दंगा,danga,danga
2730,शरारा,sharaara,sharaaraa
2731,लूटकर,lutakar,lootkar
2732,शरमाओगी,sharmaaogi,sharamaaogi
2733,चटपटी,chatapati,chatpati
2734,अकल,akal,akal
2735,मैदान,maidaan,maidan
2736,चनारों,chanaaron,chanaaron
2737,सोचेंगे,sochenge,sochenge
2738,नोच,noch,noch
2739,सिंध,sindh,sindh
2740,पहुँचना,pahunchana,pahuchna
2741,हामी,hami,haami
2742,चुई,chui,chhui
2743,केड़ी,kedi,kedi
2744,लुटाऊंगी,lutaauungi,lutaungi
2745,अँगड़ाई,angdaai,angadaai
2746,चमकत,chamakat,chamakat
2747,मुसीबत,musibat,musiibat
2748,छोड़ा,choda,chhodha
2749,थोड़ा,thoda,thodaa
2750,परस्तार,parastaar,parastar
2751,केरल,keral,keral
2752,कबीरा,kabeera,kabeera
2753,खूबसूरत,khubasurat,khubsoorat
2754,कोहू,kohuu,kohu
2755,कारवाँ,kaaravaan,kaarwaan
2756,आँसों,aanson,ansoon
2757,महँगा,mehnga,mehanga
2758,हाथ,hath,haath
2759,होंठों,honton,hothon
2760,पूजना,poojaana,poojanaa
2761,झाँक,jhaank,jhaank
2762,शरारे,sharaare,sharaare
2763,पैग़ाम,paighaam,paigaam
2764,छोड़ेंगे,chhodenge,chodenge
2765,बातें,baaten,baithen
2766,सताएगा,sataayega,sattayega
2767,बाँवरी,baavari,baawaree
2768,नाकामयाब,naakamayaab,naakaamayaab
2769,प्यारा,pyaara,pyaara
2770,खाया,khaaya,khaya
2771,पूछिये,puuchhiye,poochhiye
2772,अरमानों,aramaanon,armanon
2773,वितरत,vitarat,vitarat
2774,सारा,saaraa,saara
2775,नाचें,nachen,nachein
2776,शान,shan,shaan
2777,फिरेगा,phirega,phiregaa
2778,बहायें,bahaayen,bahaayein
2779,निंदिया,nindiyaa,nindiyaan
2780,जल्ते,jalte,jalte
2781,बजने,bajane,bajne
2782,रूपा,roopa,ruupa
2783,पुकारा,pukaaraa,pukara
2784,अँधियारा,andiyaara,andhiyaaraa
2785,माह,mah,maah
2786,गूंगी,guungi,goongi
2787,घुम,ghum,ghum
2788,खोए,khoe,khoe
2789,बचना,bachana,bachnaa
2790,पोते,pote,pote
2791,हरकतें,harakaten,harkatein
2792,किसकी,kisaki,kisaki
2793,रुकती,rukti,rukatee
2794,बिकते,bikate,bikte
2795,घबराऊँ,ghabaraaoo,ghabaraaun
2796,सबकी,sabki,sabaki
2797,लाग्यो,laagoy,laagyo
2798,बेचारी,bechari,bechaarii
2799,चेहरे,chhere,chehera
2800,जगाई,jagaai,jagaai
2801,सारी,saari,shaadi
2802,चरावत,charaavat,charavat
2803,टेढ़ा,tedha,teda
2804,यारा,yaara,yara
2805,रोयेगा,royega,royegaa
2806,एह,eh,eh
2807,बरसातें,barasaate,barsaatein
2808,दुर्वासा,durvaasa,durvaasa
2809,पैसा,paisaa,paisa
2810,रहगुजर,rahgujar,rehguzar
2811,अच्चा,achcha,achchaa
2812,हैराँ,hairaan,hairaan
2813,कदमों,kadamon,kadamon
2814,मुस्कन,muskan,muskan
2815,सुमा,suma,summa
2816,चुराना,churaana,churaana
2817,फ़र्माना,farmaana,farmana
2818,दीवाली,deewaali,diwali
2819,क़दम,qadam,qadam
2820,रुसवाइयों,rusavaayiyon,rusavaaiyon
2821,पिया,piyaa,piya
2822,प्रीत,prit,preeta
2823,सतायेंगी,sataayengi,sataayengi
2824,भटकेंगे,bhatakenge,bhatakenge
2825,जलाये,jalaaye,jalaye
2826,छाला,chhaala,chhaala
2827,उंगली,ungli,ungali
2828,गोहर,gohar,gohar
2829,किस्से,kisse,kisse
2830,पहने,pahane,pehne
2831,जाउंगा,jaaungaa,jaaunga
2832,बदरा,badara,badraa
2833,गुज़री,guzri,guzarii
2834,बतला,batla,batalaa
2835,आराम,aaraam,aaram
2836,चकराये,chakaraaye,chakraaye
2837,भीगा,bhiga,bheega
2838,सितम,sitam,sitam
2839,लाओ,laao,laayo
2840,साँवला,saanvala,saanwala
2841,करती,karati,karte
2842,लौंडा,laduna,launda
2843,बंदर,bandar,bandar
2844,बेचेंगे,bechenge,bechenge
2845,विलास,vilaas,vilaas
2846,मनबसिया,manabaisan,manabasiya
2847,बिकने,bikne,bikne
2848,बुझाये,bujhaaye,bujhaaye
2849,ब्रिंदापन,brindaapan,brindaapan
2850,मनरिया,manariya,manariyaa
2851,पूछूंगा,poochunga,puuchhuunga
2852,कटोरी,katori,katorii
2853,गले,gale,gaale
2854,बरखावाली,barakhaavaali,barakhaawaali
2855,तक़दीरें,taqadeeren,taqdeerein
2856,चाभी,chaabi,chaabhi
2857,बरहन,barahan,barahan
2858,चलाकर,chalaakar,chalaakar
2859,जैक्,jaki,jeck
2860,इसपे,isape,isape
2861,रू,ru,ru
2862,पवनिया,pavaniya,pawaniya
2863,सुनेगी,sunegi,sunegi
2864,मिलादे,milaade,milade
2865,निकलेगा,nikalega,nikalega
2866,वादों,waadon,vaadon
2867,हूक,hok,huk
2868,बुराई,burai,buraai
2869,आयेगा,aayegaa,ayega
2870,कलमा,kalama,kalma
2871,रब,raba,rab
2872,सहरों,saharon,sahraon
2873,पटना,patana,patana
2874,बाना,baana,baalaa
2875,गँवानी,ganvaani,ganvaani
2876,देगी,degi,degee
2877,बेसहारे,beshaare,besahaare
2878,सहना,sehana,sehnaa
2879,पिये,piye,piye
2880,हँसने,hansane,hasane
2881,फुला,phulaa,phula
2882,तनहाई,tanahaai,tanhaayi
2883,जुगनूँ,juganuun,juganuun
2884,सबने,sabne,sabane
2885,जनानी,janaani,janaani
2886,वफ़ाएं,wafaayen,vafaaen
2887,खुलकर,khulakar,khulkar
2888,ज़ू,zu,zu
2889,लेवा,levaa,lewa
2890,विपद,vipad,vipad
2891,जपी,japi,japi
2892,तड़पकर,tadakapar,tadapakar
2893,टूटता,tuutaat,tuutata
2894,जताया,jataayaa,jataaya
2895,पीना,peenaa,peena
2896,मंगता,mangata,mangta
2897,नाचने,naachane,naachne
2898,पतिया,patiyaa,patiya
2899,ब्रिंदाबन,brindaana,brindaaban
2900,मुस्कुराओ,muskuraao,musakuraoo
2901,बताऊँगी,bataaungi,bataaungi
2902,मेहनत,mehanat,mehnat
2903,लारा,laara,lara
2904,नाज़ूक,nazuk,naazook
2905,वर्ना,varna,warna
2906,मस्ती,masti,masti
2907,फुलवारी,phulavaari,phulavaari
2908,खुश्बू,khushbu,khushbu
2909,रहीं,rahin,raheen
2910,उड़ाओ,udaao,udao
2911,कागज़,kaagaz,kagaz
2912,पहुंच,pahunch,pahunch
2913,गायें,gaayen,gaayen
2914,दिखाने,dikhaane,dikhaane
2915,बुलाने,bulaane,bulane
2916,वारी,vaari,vaari
2917,उनसे,unase,unnse
2918,जमी,jami,jami
2919,राहगुज़र,raahaguzar,rahaguzar
2920,गिरकर,ghirakar,girakar
2921,बहनें,bahen,bahanen
2922,मारामारामा,maaramaaraama,maaraamaaraama
2923,वेदन,vedan,vedan
2924,रहते,rahate,rahetey
2925,पते,pate,pate
2926,प्रभात,praabhaat,prabhaat
2927,सुलगता,sulgata,sulagta
2928,अंधे,andhe,andhe
2929,कीजिए,kiiji,kijeye
2930,मनभावन,manabhaavan,manabhaawan
2931,देरे,dere,dere
2932,तिहारी,tihaari,tihaaree
2933,बढ़ाओ,badhaao,badhao
2934,आइयो,aaiyo,aaiyo
2935,निहारूँ,nihaaruun,niharu
2936,जनाब,janaab,janaab
2937,लहराएँगे,laharaayenge,laharaayenge
2938,रुपहली,rupahali,rupahali
2939,पैर्दोन,pairdon,pairdon
2940,रागिनी,ragini,raaginii
2941,बसर,basar,basar
2942,लड़ना,ladana,ladanaa
2943,दिलवालों,dilavaalon,dilawaalo
2944,चिलमन,chilaman,chilman
2945,कूचा,kuucha,kuuchaa
2946,देखे,dekhe,dekde
2947,बचना,bachana,bachna
2948,जपती,japati,japati
2949,रही,rahi,rahi
2950,फ़रमाते,faramaate,farmate
2951,दीवानी,deewaani,divaanii
2952,दुनिया,duniyaa,dhuniyaa
2953,दादा,daada,dada
2954,किरनें,kirane,kiranen
2955,निंदियन,nindiyaan,nindiyan
2956,बरखा,barakha,barakha
2957,चमकाओ,chamakaao,chamakaao
2958,तोड़ूं,toduun,todun
2959,दरवज्जा,daravajaj,daravajjaa
2960,रुत,rut,ruth
2961,हमजोली,humajoli,hamjoli
2962,शायद,shaayad,shayad
2963,यूं,yu,youn
2964,मेरिये,meriye,meriye
2965,नी,ni,ni
2966,कबसे,kabase,kabase
2967,विकार,vikaar,vikaar
2968,उड़ाई,udaai,udaayi
2969,भुलाओगे,bhulaaoge,bhulaayoge
2970,हाथवाला,hathavaala,haathawaala
2971,हसीना,hasina,haseenaa
2972,प्रताप,pratapa,prataap
2973,साँचे,saanche,saanche
2974,अधूरी,adhuri,adhuuri
2975,लश्कर,lashkar,lashkar
2976,कली,kali,kali
2977,छाए,chaye,chaahe
2978,हवाओं,hawaaon,hawavon
2979,सरगोशियाँ,sargoshiyaan,sargoshiyaan
2980,जाति,jaati,jati
2981,और,r,oh
2982,छुटकारा,chhutakaara,chhutkaara
2983,पहुँची,pahunchi,pahunchi
2984,सजते,sajate,sajte
2985,सप्त,sapt,sapta
2986,अमीरी,ameeri,ameeri
2987,छान,chhan,chaan
2988,पहलेसे,pahalese,pahalese
2989,बाबुल,baabul,baabool
2990,मोड़के,modke,modake
2991,गुजरिया,gujariya,gujariyaa
2992,तालियाँ,taaliyaan,taaliyaan
2993,उपकार,upakaar,upkar
2994,पटक,patak,patak
2995,सजाएंगे,sajayenge,sajaayenge
2996,बुज़दिलों,buzadilon,buzdilon
2997,रीतें,reeten,ritein
2998,हीरो,hiro,hiro
2999,गूंजत,goonjat,guunjat
3000,अन्त्पन,antpan,antpan
3001,पड़त,padat,padat
3002,दीवारें,deevaarne,diivaarein
3003,इनकी,inka,inaki
3004,दीवार,deevar,diivaar
3005,तरसते,tarasate,taraste
3006,मैने,maine,mane
3007,हमारी,hamaari,hamari
3008,मारें,maarein,marein
3009,बदतमीज़ी,badatamizi,budtameezi
3010,बदलती,badalati,badalatii
3011,रगड़ा,ragda,ragada
3012,कारवाँ,kaaravaan,caaravaan
3013,गंगा,ganga,gangaa
3014,अदाओ,adaao,adaao
3015,सुसराल,susaraal,susaraal
3016,चिंता,chinta,chinta
3017,करीब,kareen,qarib
3018,गजरा,gajaraa,gajra
3019,जानके,jaanke,jaanake
3020,जीतना,jeetna,jeetana
3021,समझाता,samjhaataa,samajhata
3022,भँवरा,bhanvara,bhanwra
3023,साजना,saajaana,sajana
3024,कहता,kahata,kahta
3025,छुड़ा,chhuda,chhuda
3026,चाहूंगी,chaahoongi,chahungi
3027,अंगड़ाई,angadaai,angdhaayi
3028,सिम्त,simt,simt
3029,गोपाल,gopaal,gopaala
3030,मुरझा,murajha,murajhaa
3031,हमका,hamaka,humakaa
3032,सनम,sanam,sanma
3033,अगले,agale,agle
3034,बचेगा,bachega,bachegaa
3035,वोही,vohi,vohi
3036,पीली,peeli,pili
3037,तक़रार,taqaraar,takraar
3038,तारा,tara,taaraa
3039,घाव,ghaav,ghaav
3040,टकराई,takaraai,takraayi
3041,बीती,biti,beti
3042,चढ़े,chadhe,chadhe
3043,दूंगा,dunga,duungaa
3044,ख़ुदाया,khudaayaa,kudaaya
3045,फ़रियाद,farayaad,faryaad
3046,रंगरूट,rangaruut,rangarut
3047,टली,tali,tali
3048,मरजीना,marajina,marjina
3049,बसाया,basaaya,basaaya
3050,उड़ाओ,udaao,udaawo
3051,सुन,sun,suun
3052,बिसराई,bisaraai,bisaraai
3053,सैंया,sainyaa,sainyaa
3054,सुहम,suham,suhm
3055,धड़क्नों,dhadkanon,dhadaknon
3056,ललकारें,lalakaaren,lalakaarein
3057,बेटों,beton,beton
3058,खिलतीं,khilati,khiltin
3059,खिचड़ी,khichadi,khichadi
3060,बाँग,baang,baang
3061,लोग्गो,loggo,loggo
3062,नाचा,nacha,nacha
3063,तोड़ते,todate,todate
3064,पगली,pagali,pagalii
3065,आजमाना,aajamaana,azmana
3066,चुनरिया,chunaariya,chunariya
3067,दबी,dabi,dabee
3068,जनमा,janama,janamaa
3069,चहें,chahen,chahen
3070,यक़ीं,yaqiin,yaqeen
3071,मेहरा,mehara,mehara
3072,बिछाके,bichhaake,bichhaake
3073,भँवरे,bhanvare,bhanware
3074,करूँगा,karunga,karuunga
3075,मैदान,maidaan,maidaan
3076,ज़ुर्माना,zurmaana,zurmaana
3077,खाक,khaak,khaak
3078,पागल,paagal,pagel
3079,प्रीतम,primat,pritam
3080,भीगूँगी,bhigungi,bheegungi
3081,लुभाती,lubhaati,lubhati
3082,खूबसूरत,khubasurat,khubsurat
